{
  "backupId": "backup_1751422939218_66m2gkbpi",
  "backupDate": "2025-07-02T02:22:20.596Z",
  "databaseName": "prescripto",
  "totalCollections": 14,
  "totalDocuments": 867,
  "totalSize": 641162,
  "collections": [
    {
      "name": "prescriptions",
      "size": 10053,
      "documentCount": 14
    },
    {
      "name": "news",
      "size": 9860,
      "documentCount": 3
    },
    {
      "name": "conversations",
      "size": 17197,
      "documentCount": 26
    },
    {
      "name": "users",
      "size": 140505,
      "documentCount": 130
    },
    {
      "name": "chatbots",
      "size": 134779,
      "documentCount": 6
    },
    {
      "name": "appoinments",
      "size": 182,
      "documentCount": 0
    },
    {
      "name": "doctors",
      "size": 5869,
      "documentCount": 5
    },
    {
      "name": "physicalfitnesses",
      "size": 226350,
      "documentCount": 390
    },
    {
      "name": "examsessions",
      "size": 1677,
      "documentCount": 4
    },
    {
      "name": "drugstocks",
      "size": 8596,
      "documentCount": 21
    },
    {
      "name": "editrequests",
      "size": 1188,
      "documentCount": 2
    },
    {
      "name": "backups",
      "size": 3880,
      "documentCount": 2
    },
    {
      "name": "abnormalities",
      "size": 4346,
      "documentCount": 9
    },
    {
      "name": "messages",
      "size": 76680,
      "documentCount": 255
    }
  ],
  "version": "1.0.0",
  "method": "mongoose-json"
}