{
  "collection": "backups",
  "count": 2,
  "documents": [
    {
      "_id": "6863943e3851e124c3b90585",
      "backupId": "backup_1751356478933_wjks92g6g",
      "backupName": "kh",
      "backupType": "manual",
      "status": "completed",
      "backupSize": 72905,
      "createdBy": "admin@gmail.com",
      "compressionRatio": 87.06041254752176,
      "startTime": "2025-07-01T07:54:38.933Z",
      "autoDeleteAt": "2025-07-31T07:54:38.933Z",
      "isVerified": true,
      "retentionDays": 30,
      "collections": [
        {
          "name": "prescriptions",
          "documentCount": 14,
          "size": 10053,
          "_id": "686394433851e124c3b9058b"
        },
        {
          "name": "news",
          "documentCount": 3,
          "size": 9860,
          "_id": "686394433851e124c3b9058c"
        },
        {
          "name": "conversations",
          "documentCount": 26,
          "size": 17197,
          "_id": "686394433851e124c3b9058d"
        },
        {
          "name": "users",
          "documentCount": 130,
          "size": 140505,
          "_id": "686394433851e124c3b9058e"
        },
        {
          "name": "chatbots",
          "documentCount": 6,
          "size": 134779,
          "_id": "686394433851e124c3b9058f"
        },
        {
          "name": "appoinments",
          "documentCount": 0,
          "size": 182,
          "_id": "686394433851e124c3b90590"
        },
        {
          "name": "doctors",
          "documentCount": 5,
          "size": 5869,
          "_id": "686394433851e124c3b90591"
        },
        {
          "name": "examsessions",
          "documentCount": 2,
          "size": 973,
          "_id": "686394433851e124c3b90592"
        },
        {
          "name": "drugstocks",
          "documentCount": 21,
          "size": 8596,
          "_id": "686394433851e124c3b90593"
        },
        {
          "name": "editrequests",
          "documentCount": 2,
          "size": 1188,
          "_id": "686394433851e124c3b90594"
        },
        {
          "name": "physicalfitnesses",
          "documentCount": 260,
          "size": 150957,
          "_id": "686394433851e124c3b90595"
        },
        {
          "name": "backups",
          "documentCount": 1,
          "size": 748,
          "_id": "686394433851e124c3b90596"
        },
        {
          "name": "abnormalities",
          "documentCount": 9,
          "size": 4346,
          "_id": "686394433851e124c3b90597"
        },
        {
          "name": "messages",
          "documentCount": 255,
          "size": 76680,
          "_id": "686394433851e124c3b90598"
        }
      ],
      "createdAt": "2025-07-01T07:54:38.949Z",
      "updatedAt": "2025-07-01T07:57:18.701Z",
      "__v": 0,
      "checksum": "4e950ab20f00aafb9495ee3b17994d579e7c92329ac046239b0cbb03c1e03e52",
      "cloudPath": "https://res.cloudinary.com/drj54gin7/raw/upload/v1751356484/backups/backups/backup_1751356478933_wjks92g6g.zip",
      "duration": 4367,
      "endTime": "2025-07-01T07:54:43.300Z",
      "filePath": "C:\\Users\\Hii\\Desktop\\DA\\pr1506\\Prescripto\\backend\\backups\\backup_1751356478933_wjks92g6g.zip"
    },
    {
      "_id": "686497dbd48a53882f0cb88d",
      "backupId": "backup_1751422939218_66m2gkbpi",
      "backupName": "kh1",
      "backupType": "manual",
      "status": "in_progress",
      "backupSize": 0,
      "createdBy": "admin@gmail.com",
      "compressionRatio": 0,
      "startTime": "2025-07-02T02:22:19.218Z",
      "autoDeleteAt": "2025-08-01T02:22:19.218Z",
      "isVerified": false,
      "retentionDays": 30,
      "collections": [],
      "createdAt": "2025-07-02T02:22:19.233Z",
      "updatedAt": "2025-07-02T02:22:19.358Z",
      "__v": 0
    }
  ],
  "metadata": {
    "exportDate": "2025-07-02T02:22:20.412Z",
    "backupId": "backup_1751422939218_66m2gkbpi"
  }
}