{
  "collection": "drugstocks",
  "count": 21,
  "documents": [
    {
      "_id": "682ae376b93072f63f4a6cb7",
      "drugImage": "https://res.cloudinary.com/drj54gin7/image/upload/v1747641205/rsc6ror9mm0dlmmyz1tb.jpg",
      "drugName": "Paracetamol 500ml",
      "drugCode": "DR001",
      "drugType": "Analgesic",
      "drugUnit": "Tablet",
      "inventoryQuantity": 78,
      "expiryDate": "2030-10-10T00:00:00.000Z",
      "supplierName": "Pharmacity LVV",
      "notes": "Used for fever relief",
      "__v": 0
    },
    {
      "_id": "682af26b9078b863aafe5775",
      "drugImage": "https://i.imgur.com/1Q9Z1Zm.png",
      "drugName": "Amoxicillin",
      "drugCode": "D1000",
      "drugType": "Antiseptic",
      "drugUnit": "bottle",
      "inventoryQuantity": 408,
      "expiryDate": "2026-04-19T17:00:00.000Z",
      "supplierName": "Supplier_10",
      "notes": "Note for antiseptic",
      "__v": 0
    },
    {
      "_id": "682af26b9078b863aafe5776",
      "drugImage": "https://i.imgur.com/1Q9Z1Zm.png",
      "drugName": "Metformin",
      "drugCode": "D1001",
      "drugType": "Antibiotic",
      "drugUnit": "box",
      "inventoryQuantity": 255,
      "expiryDate": "2026-02-24T17:00:00.000Z",
      "supplierName": "Supplier_7",
      "notes": "Note for antibiotic",
      "__v": 0
    },
    {
      "_id": "682af26b9078b863aafe5777",
      "drugImage": "https://i.imgur.com/1Q9Z1Zm.png",
      "drugName": "Hydrocortisone",
      "drugCode": "D1002",
      "drugType": "Antibiotic",
      "drugUnit": "tablet",
      "inventoryQuantity": 382,
      "expiryDate": "2026-09-13T00:00:00.000Z",
      "supplierName": "Supplier_1",
      "notes": "Note for antibiotic",
      "__v": 0
    },
    {
      "_id": "682af26b9078b863aafe5778",
      "drugImage": "https://i.imgur.com/1Q9Z1Zm.png",
      "drugName": "Amoxicillin",
      "drugCode": "D1003",
      "drugType": "Antipyretic",
      "drugUnit": "bottle",
      "inventoryQuantity": 486,
      "expiryDate": "2025-12-21T17:00:00.000Z",
      "supplierName": "Supplier_2",
      "notes": "Note for antipyretic",
      "__v": 0
    },
    {
      "_id": "682af26b9078b863aafe5779",
      "drugImage": "https://i.imgur.com/1Q9Z1Zm.png",
      "drugName": "Aspirin",
      "drugCode": "D1004",
      "drugType": "Antibiotic",
      "drugUnit": "bottle",
      "inventoryQuantity": 179,
      "expiryDate": "2026-10-28T17:00:00.000Z",
      "supplierName": "Supplier_10",
      "notes": "Note for antibiotic",
      "__v": 0
    },
    {
      "_id": "682af26b9078b863aafe577c",
      "drugImage": "https://i.imgur.com/1Q9Z1Zm.png",
      "drugName": "Ciprofloxacin",
      "drugCode": "D1007",
      "drugType": "Analgesic",
      "drugUnit": "strip",
      "inventoryQuantity": 83,
      "expiryDate": "2027-03-25T17:00:00.000Z",
      "supplierName": "Supplier_1",
      "notes": "Note for analgesic",
      "__v": 0
    },
    {
      "_id": "682af26b9078b863aafe577d",
      "drugImage": "https://i.imgur.com/1Q9Z1Zm.png",
      "drugName": "Paracetamol",
      "drugCode": "D1008",
      "drugType": "Antipyretic",
      "drugUnit": "bottle",
      "inventoryQuantity": 348,
      "expiryDate": "2026-05-31T17:00:00.000Z",
      "supplierName": "Supplier_4",
      "notes": "Note for antipyretic",
      "__v": 0
    },
    {
      "_id": "682af26b9078b863aafe577e",
      "drugImage": "https://i.imgur.com/1Q9Z1Zm.png",
      "drugName": "Vitamin C",
      "drugCode": "D1009",
      "drugType": "Antiseptic",
      "drugUnit": "box",
      "inventoryQuantity": 112,
      "expiryDate": "2025-07-30T17:00:00.000Z",
      "supplierName": "Supplier_10",
      "notes": "Note for antiseptic",
      "__v": 0
    },
    {
      "_id": "682af26b9078b863aafe577f",
      "drugImage": "https://i.imgur.com/1Q9Z1Zm.png",
      "drugName": "Ciprofloxacin",
      "drugCode": "D1010",
      "drugType": "Analgesic",
      "drugUnit": "pack",
      "inventoryQuantity": 120,
      "expiryDate": "2025-07-31T17:00:00.000Z",
      "supplierName": "Supplier_9",
      "notes": "Note for analgesic",
      "__v": 0
    },
    {
      "_id": "682af26b9078b863aafe5780",
      "drugImage": "https://i.imgur.com/1Q9Z1Zm.png",
      "drugName": "Aspirina_z",
      "drugCode": "D1011",
      "drugType": "Antibiotic",
      "drugUnit": "box",
      "inventoryQuantity": 466,
      "expiryDate": "2026-10-17T00:00:00.000Z",
      "supplierName": "Supplier_6",
      "notes": "Note for antibiotic",
      "__v": 0
    },
    {
      "_id": "682af26b9078b863aafe5781",
      "drugImage": "https://i.imgur.com/1Q9Z1Zm.png",
      "drugName": "Insulin",
      "drugCode": "D1012",
      "drugType": "Antipyretic",
      "drugUnit": "box",
      "inventoryQuantity": 373,
      "expiryDate": "2028-05-02T17:00:00.000Z",
      "supplierName": "Supplier_4",
      "notes": "Note for antipyretic",
      "__v": 0
    },
    {
      "_id": "682af26b9078b863aafe5783",
      "drugImage": "https://i.imgur.com/1Q9Z1Zm.png",
      "drugName": "Ibuprofen",
      "drugCode": "D1014",
      "drugType": "Antiseptic",
      "drugUnit": "strip",
      "inventoryQuantity": 478,
      "expiryDate": "2027-09-15T17:00:00.000Z",
      "supplierName": "Supplier_4",
      "notes": "Note for antiseptic",
      "__v": 0
    },
    {
      "_id": "682af26b9078b863aafe5782",
      "drugImage": "https://i.imgur.com/1Q9Z1Zm.png",
      "drugName": "Paracetamol",
      "drugCode": "D1013",
      "drugType": "Antiseptic",
      "drugUnit": "pack",
      "inventoryQuantity": 299,
      "expiryDate": "2026-06-16T17:00:00.000Z",
      "supplierName": "Supplier_4",
      "notes": "Note for antiseptic",
      "__v": 0
    },
    {
      "_id": "682af26b9078b863aafe5785",
      "drugImage": "https://i.imgur.com/1Q9Z1Zm.png",
      "drugName": "Ciprofloxacin",
      "drugCode": "D1016",
      "drugType": "Analgesic",
      "drugUnit": "bottle",
      "inventoryQuantity": 27,
      "expiryDate": "2027-11-14T17:00:00.000Z",
      "supplierName": "Supplier_2",
      "notes": "Note for analgesic",
      "__v": 0
    },
    {
      "_id": "682af26b9078b863aafe5784",
      "drugImage": "https://i.imgur.com/1Q9Z1Zm.png",
      "drugName": "Amoxicillin",
      "drugCode": "D1015",
      "drugType": "Controlled drug",
      "drugUnit": "box",
      "inventoryQuantity": 124,
      "expiryDate": "2028-02-21T17:00:00.000Z",
      "supplierName": "Supplier_1",
      "notes": "Note for controlled drug",
      "__v": 0
    },
    {
      "_id": "682af26b9078b863aafe5786",
      "drugImage": "https://i.imgur.com/1Q9Z1Zm.png",
      "drugName": "Hydrocortisone",
      "drugCode": "D1017",
      "drugType": "Antiseptic",
      "drugUnit": "pack",
      "inventoryQuantity": 151,
      "expiryDate": "2026-01-23T17:00:00.000Z",
      "supplierName": "Supplier_4",
      "notes": "Note for antiseptic",
      "__v": 0
    },
    {
      "_id": "682af26b9078b863aafe5787",
      "drugImage": "https://i.imgur.com/1Q9Z1Zm.png",
      "drugName": "Omeprazole",
      "drugCode": "D1018",
      "drugType": "Antibiotic",
      "drugUnit": "box",
      "inventoryQuantity": 97,
      "expiryDate": "2027-01-17T17:00:00.000Z",
      "supplierName": "Supplier_3",
      "notes": "Note for antibiotic",
      "__v": 0
    },
    {
      "_id": "682af26b9078b863aafe5788",
      "drugImage": "https://i.imgur.com/1Q9Z1Zm.png",
      "drugName": "Paracetamol",
      "drugCode": "D1019",
      "drugType": "Other",
      "drugUnit": "pack",
      "inventoryQuantity": 422,
      "expiryDate": "2026-06-07T17:00:00.000Z",
      "supplierName": "Supplier_10",
      "notes": "Note for other",
      "__v": 0
    },
    {
      "_id": "682af26b9078b863aafe577a",
      "drugImage": "https://i.imgur.com/1Q9Z1Zm.png",
      "drugName": "Omeprazole",
      "drugCode": "D1005",
      "drugType": "Controlled drug",
      "drugUnit": "strip",
      "inventoryQuantity": 448,
      "expiryDate": "2025-11-23T00:00:00.000Z",
      "supplierName": "Supplier_100",
      "notes": "Note for controlled drug",
      "__v": 0
    },
    {
      "_id": "6846547973c4dab7456ccb17",
      "drugImage": "https://res.cloudinary.com/drj54gin7/image/upload/v1749439608/ixac8zmhrxpe7zwpkvlf.jpg",
      "drugName": "Kali Xianua 10",
      "drugCode": "CD1",
      "drugType": "Vaccine",
      "drugUnit": "box",
      "inventoryQuantity": 5,
      "expiryDate": "2025-06-24T00:00:00.000Z",
      "supplierName": "Pharmacity",
      "notes": "no",
      "__v": 0
    }
  ],
  "metadata": {
    "exportDate": "2025-07-02T02:22:20.324Z",
    "backupId": "backup_1751422939218_66m2gkbpi"
  }
}