{
  "collection": "examsessions",
  "count": 4,
  "documents": [
    {
      "_id": "68623994d7ded9275fd15a85",
      "examSessionName": "khám sức khỏe đầu năm  2024-2025",
      "examSessionDate": "2024-06-11T00:00:00.000Z",
      "examSessionAcademicYear": "2024-2025",
      "examSessionDescription": "",
      "isLocked": false,
      "examSessionCreatedAt": "2025-06-30T07:15:32.963Z",
      "__v": 0,
      "lockReason": null,
      "lockedAt": null,
      "lockedBy": null
    },
    {
      "_id": "68624929ad3470cfa69c4846",
      "examSessionName": "khám sức khỏe đầu năm  2025-2026",
      "examSessionDate": "2025-07-08T00:00:00.000Z",
      "examSessionAcademicYear": "2025-2026",
      "examSessionDescription": "",
      "isLocked": false,
      "examSessionCreatedAt": "2025-06-30T08:22:01.693Z",
      "__v": 0
    },
    {
      "_id": "68639af93851e124c3b9070e",
      "examSessionName": "khám sức khỏe đầu năm  2023-2024",
      "examSessionDate": "2023-06-06T00:00:00.000Z",
      "examSessionAcademicYear": "2023-2024",
      "examSessionDescription": "",
      "isLocked": false,
      "examSessionCreatedAt": "2025-07-01T08:23:21.961Z",
      "__v": 0
    },
    {
      "_id": "68648ec0f4e188ee3f4317e7",
      "examSessionName": "khám sức khỏe đầu năm ",
      "examSessionDate": "2025-07-17T00:00:00.000Z",
      "examSessionAcademicYear": "2026-2027",
      "examSessionDescription": "",
      "isLocked": false,
      "examSessionCreatedAt": "2025-07-02T01:43:28.972Z",
      "__v": 0
    }
  ],
  "metadata": {
    "exportDate": "2025-07-02T02:22:20.282Z",
    "backupId": "backup_1751422939218_66m2gkbpi"
  }
}