{
  "collection": "news",
  "count": 3,
  "documents": [
    {
      "_id": "684693b1fb48a0787d93b7cd",
      "title": "Danh sách sinh viên hệ chính quy khóa 62, 63, 64, 65 đạt học bổng khuyến khích học tập học kỳ 2 năm học 2024-2025 (đã tính số suất - dự kiến)",
      "category": "Thông báo Đào tạo",
      "date": "2025-06-10T00:00:00.000Z",
      "content": "Kính gửi: Sinh viên các lớp chính quy khóa 62, 63, 64, 65\r\n\r\n- Căn cứ theo thông báo số 355/TB-ĐHGTVT ngày 14/5/2025 về việc xét học bổng khuyến khích học tập cho sinh viên K62, K63, K64 hệ chính quy, học kỳ II  năm học 2024-2025;\r\n\r\n- Căn cứ theo thông báo số 406/TB-ĐHGTVT ngày 29/5/2025 về việc xét học bổng khuyến khích học tập cho sinh viên K65 hệ chính quy, học kỳ II  năm học 2024-2025;\r\n\r\nPhòng Đào tạo thông báo Danh sách SV khóa 62, 63, 64, 65 đạt học bổng khuyến khích học tập học kỳ II năm học 2024-2025 (đã tính số suất).\r\n\r\nCách xét như sau:\r\n\r\n- Căn cứ theo số tiền học kỳ mà quỹ học bổng có gọi là “A” chia số này cho tổng số SV PH ra “B” (Lưu ý: tổng số SV của Phân hiệu là đã quy đổi các khối ngành bằng nhau); - Lấy “B” nhân với số SV của lớp được tổng số tiền học bổng của 1 lớp gọi là “C”. Căn cứ vào “C”, học bổng được xét theo kết quả học tập từ cao xuống thấp theo loại học bổng đến khi hết quỹ học bổng của lớp. - Thứ tự để xét là: Loại học bổng, sau đó đến điểm hệ 4, nếu điểm hệ 4 bằng nhau thì xét tiếp đến điểm hệ 10 (TBTHT), các lớp cùng chuyên ngành sẽ gộp vào và xét chung, riêng khóa 62 sẽ gộp và xét theo ngành, chuyên ngành của các lớp theo học kỳ II năm học 2023-2024 (ngoại trừ ngành khai thác vận tải).\r\n\r\nMọi thắc mắc vui lòng liên hệ phòng 10D3 hoặc số điện thoại: 028.3896.2018 trước 14h ngày 09/6/2025, gặp cô Tuyết.\r\n\r\nTrân trọng!\r\n\r\nChi tiết vui lòng xem file đính kèm:\r\n\r\nKính gửi: Sinh viên các lớp chính quy khóa 62, 63, 64, 65\r\n\r\n- Căn cứ theo thông báo số 355/TB-ĐHGTVT ngày 14/5/2025 về việc xét học bổng khuyến khích học tập cho sinh viên K62, K63, K64 hệ chính quy, học kỳ II  năm học 2024-2025;\r\n\r\n- Căn cứ theo thông báo số 406/TB-ĐHGTVT ngày 29/5/2025 về việc xét học bổng khuyến khích học tập cho sinh viên K65 hệ chính quy, học kỳ II  năm học 2024-2025;\r\n\r\nPhòng Đào tạo thông báo Danh sách SV khóa 62, 63, 64, 65 đạt học bổng khuyến khích học tập học kỳ II năm học 2024-2025 (đã tính số suất).\r\n\r\nCách xét như sau:\r\n\r\n- Căn cứ theo số tiền học kỳ mà quỹ học bổng có gọi là “A” chia số này cho tổng số SV PH ra “B” (Lưu ý: tổng số SV của Phân hiệu là đã quy đổi các khối ngành bằng nhau); - Lấy “B” nhân với số SV của lớp được tổng số tiền học bổng của 1 lớp gọi là “C”. Căn cứ vào “C”, học bổng được xét theo kết quả học tập từ cao xuống thấp theo loại học bổng đến khi hết quỹ học bổng của lớp. - Thứ tự để xét là: Loại học bổng, sau đó đến điểm hệ 4, nếu điểm hệ 4 bằng nhau thì xét tiếp đến điểm hệ 10 (TBTHT), các lớp cùng chuyên ngành sẽ gộp vào và xét chung, riêng khóa 62 sẽ gộp và xét theo ngành, chuyên ngành của các lớp theo học kỳ II năm học 2023-2024 (ngoại trừ ngành khai thác vận tải).\r\n\r\nMọi thắc mắc vui lòng liên hệ phòng 10D3 hoặc số điện thoại: 028.3896.2018 trước 14h ngày 09/6/2025, gặp cô Tuyết.\r\n\r\nTrân trọng!\r\n\r\nChi tiết vui lòng xem file đính kèm:\r\n\r\n",
      "file": "https://res.cloudinary.com/drj54gin7/image/upload/v1749455793/qnhvw9oqybequwzxibgl.pdf",
      "__v": 0
    },
    {
      "_id": "685baebdfac617df645bbc09",
      "title": "THÔNG BÁO KHÁM SỨC KHỎE ĐỊNH KỲ NĂM HỌC 2024-2025",
      "category": "Thông báo Y tế / Hoạt động Sinh viên / Lịch công tác",
      "date": "2025-06-26T00:00:00.000Z",
      "content": "Kính gửi: Toàn thể Cán bộ, Giảng viên và Sinh viên Trường Đại học UTC2\r\n\r\nNhằm đảm bảo sức khỏe cho cán bộ, giảng viên và sinh viên, góp phần nâng cao chất lượng học tập và công tác, Phòng Y tế Trường đại học giao thông vận tải Phân hiệu tại tp. hồ chí minh phối hợp với Bệnh viện/Trung tâm Y tế tổ chức đợt khám sức khỏe định kỳ năm học 2024-2025.\r\n\r\n1. Đối tượng:\r\n\r\nToàn thể cán bộ, giảng viên đang công tác tại trường.\r\nTất cả sinh viên đang học tập tại trường (bao gồm sinh viên chính quy, liên thông, văn bằng 2...).\r\n2. Thời gian và địa điểm:\r\n\r\nThời gian: Từ ngày 26/6/2025 đến hết ngày 27/6/2025 (trong giờ hành chính: Sáng: 8h00 - 11h30; Chiều: 13h30 - 17h00).\r\nĐịa điểm: Hội Trường C1\r\n3. Nội dung khám:\r\n\r\nKhám tổng quát (chiều cao, cân nặng, huyết áp, mạch).\r\nKhám nội tổng quát (tim, phổi, tiêu hóa, thận...).\r\nKhám tai - mũi - họng, răng - hàm - mặt.\r\nKhám da liễu.\r\nTư vấn sức khỏe, hướng dẫn phòng bệnh.\r\n(Tùy chọn: Xét nghiệm máu, nước tiểu, siêu âm... - nếu có).\r\n4. Lưu ý quan trọng:\r\n\r\nKhi đi khám, vui lòng mang theo thẻ sinh viên/thẻ cán bộ và giấy tờ tùy thân có ảnh (CMND/CCCD).\r\nThực hiện đúng theo lịch khám đã thông báo hoặc hướng dẫn tại phòng y tế để đảm bảo trật tự và hiệu quả.\r\nĐối với các xét nghiệm cần nhịn ăn (nếu có), đề nghị thực hiện theo hướng dẫn của cán bộ y tế.\r\nNhà trường khuyến khích toàn thể cán bộ, giảng viên và sinh viên tham gia đầy đủ đợt khám sức khỏe định kỳ này.\r\nMọi thắc mắc xin vui lòng liên hệ Phòng Y tế Trường Đại học Giao Thông Vận Tải Phân Hiệu Tại TP.HCM qua số điện thoại hoặc email\r\n\r\nXin trân trọng thông báo!",
      "file": "https://res.cloudinary.com/drj54gin7/image/upload/v1750838973/ikolxagupyv0jehcaqlf.pdf",
      "__v": 0
    },
    {
      "_id": "685baff9fac617df645bbc12",
      "title": "THÔNG BÁO TRIỂN KHAI KHÁM SỨC KHỎE ĐỊNH KỲ CHO CBNV & SINH VIÊN NĂM HỌC 2025-2026",
      "category": "Hoạt động Y tế & Cộng đồng / Thông báo Trường học",
      "date": "2025-06-30T00:00:00.000Z",
      "content": "Kính gửi: Cán bộ, Giảng viên và Toàn thể Sinh viên Trường Đại học Giao Thông Vận Tải Phân hiệu tại Thành phố Hồ Chí Minh\r\n\r\nThực hiện kế hoạch công tác năm học 2025-2026 nhằm chăm sóc và bảo vệ sức khỏe cộng đồng trong trường học, Phòng Y tế Nhà trường phối hợp cùng Bệnh viện/Trung tâm Y tế tổ chức chương trình khám sức khỏe định kỳ. Đây là hoạt động quan trọng, giúp mỗi cá nhân nắm bắt tình trạng sức khỏe của bản thân, từ đó có biện pháp phòng ngừa và điều trị kịp thời.\r\n\r\nChi tiết chương trình:\r\n\r\n1. Đối tượng tham gia:\r\n\r\nToàn thể cán bộ, giảng viên đang làm việc tại Trường.\r\nTất cả sinh viên hiện đang theo học các hệ đào tạo tại Trường.\r\n2. Thời gian và Địa điểm:\r\n\r\nThời gian: 30/06/2025 - 05/07/2025\r\nBuổi sáng: 8h00 - 11h30\r\nBuổi chiều: 13h30 - 17h00\r\nĐịa điểm: Phòng Y tế Trường Đại học [Tên trường Đại học] (hoặc Khu vực khám sức khỏe tạm thời tại [Tên địa điểm cụ thể khác nếu có]).\r\n3. Các hạng mục khám:\r\n\r\nKhám lâm sàng tổng quát (kiểm tra thể lực: chiều cao, cân nặng, huyết áp, mạch).\r\nKhám nội tổng quát (tim mạch, hô hấp, tiêu hóa, tiết niệu).\r\nKhám chuyên khoa: Tai - Mũi - Họng, Răng - Hàm - Mặt, Da liễu.\r\nTư vấn và hướng dẫn kiến thức phòng bệnh, chăm sóc sức khỏe.\r\n(Có thể bao gồm: Xét nghiệm cơ bản như công thức máu, đường máu, nước tiểu... nếu nằm trong gói khám).\r\n4. Yêu cầu khi tham gia:\r\n\r\nVui lòng mang theo thẻ cán bộ/thẻ sinh viên và giấy tờ tùy thân (CMND/CCCD) để làm thủ tục.\r\nĐến đúng giờ và tuân thủ theo sự hướng dẫn của cán bộ y tế để đảm bảo quy trình khám diễn ra thuận lợi.\r\nĐối với các xét nghiệm yêu cầu nhịn ăn, vui lòng thực hiện theo hướng dẫn cụ thể tại khu vực khám.\r\nKính đề nghị tất cả cán bộ, giảng viên và sinh viên sắp xếp thời gian tham gia đầy đủ vì lợi ích sức khỏe của chính mình.\r\nMọi thông tin chi tiết hoặc giải đáp thắc mắc, xin vui lòng liên hệ trực tiếp Phòng Y tế Trường hoặc qua số điện thoại và email \r\n\r\nTrân trọng thông báo!",
      "file": "https://res.cloudinary.com/drj54gin7/image/upload/v1750839288/hgbc5hvn5dwa0ixdfxq3.pdf",
      "__v": 0
    }
  ],
  "metadata": {
    "exportDate": "2025-07-02T02:22:19.616Z",
    "backupId": "backup_1751422939218_66m2gkbpi"
  }
}