{
  "collection": "abnormalities",
  "count": 9,
  "documents": [
    {
      "_id": "6821a25e2420a327edfa9640",
      "student": "6817250de4ab2d1bb5514a34",
      "studentId": "6251071091",
      "studentName": "tuthanh",
      "doctorName": "tha thu",
      "date": "2020-02-02T00:00:00.000Z",
      "symptoms": [
        "Pass out",
        "Difficulty breathing",
        "Seizure",
        "Slow heartbeat",
        "Abdominal pain",
        "Fever",
        "Trauma"
      ],
      "temporaryTreatment": "khong can",
      "__v": 0
    },
    {
      "_id": "6821a30d2420a327edfa964f",
      "student": "681f0746f1af5215e5d49821",
      "studentId": "6251071005",
      "studentName": "Hoàng Anh",
      "doctorName": "hello",
      "date": "2003-04-10T00:00:00.000Z",
      "symptoms": [
        "Pass out",
        "Difficulty breathing",
        "High blood pressure",
        "Dizzy",
        "Abdominal pain",
        "Fever",
        "Trauma"
      ],
      "temporaryTreatment": "khong co",
      "__v": 0
    },
    {
      "_id": "682ac2e19ceada60a616f306",
      "student": "682aba8527e6f2f7dd800194",
      "studentId": "6251021081",
      "studentName": "Phạm Tú Thành",
      "doctorName": "thanh",
      "date": "2003-04-10T00:00:00.000Z",
      "symptoms": [
        "Daze",
        "Slow heartbeat",
        "Nausea",
        "Slow breathing",
        "Paralysis",
        "Trauma"
      ],
      "temporaryTreatment": "sleep",
      "__v": 0
    },
    {
      "_id": "682ac3129ceada60a616f311",
      "student": "682aba8527e6f2f7dd800194",
      "studentId": "6251021081",
      "studentName": "Phạm Tú Thành",
      "doctorName": "thanh",
      "date": "2002-10-10T00:00:00.000Z",
      "symptoms": [
        "Daze",
        "High blood pressure",
        "Nausea",
        "Pain"
      ],
      "temporaryTreatment": "no",
      "__v": 0
    },
    {
      "_id": "683d4c18c6e992ea3dcb4e6d",
      "student": "6831983e1ec2e67c38405a83",
      "studentId": "6251021082",
      "studentName": "Karen Cox",
      "doctorName": "thanh",
      "date": "2025-06-18T00:00:00.000Z",
      "symptoms": [
        "Daze",
        "Difficulty breathing",
        "Seizure",
        "High blood pressure",
        "Nausea",
        "Chills",
        "Other",
        "Trauma"
      ],
      "temporaryTreatment": "khong",
      "__v": 0
    },
    {
      "_id": "685bb4cda05243a849f91950",
      "student": "685bb1d5a05243a849f91889",
      "studentId": "6351021081",
      "studentName": "Phạm Tú Thành",
      "doctorName": "Thuy",
      "date": "2025-06-25T00:00:00.000Z",
      "symptoms": [
        "Loss of consciousness",
        "Slow breathing",
        "Fast heartbeat",
        "Stutter",
        "Vomiting",
        "Fever",
        "Pain"
      ],
      "temporaryTreatment": "sleep 30 minutes",
      "__v": 0
    },
    {
      "_id": "685e290aff936d557e31f9cf",
      "student": "685bb1d5a05243a849f91889",
      "studentId": "6351021081",
      "studentName": "Phạm Tú Thành",
      "doctorName": "thanh",
      "date": "2025-06-23T00:00:00.000Z",
      "symptoms": [
        "Daze",
        "Slow breathing",
        "Slow heartbeat",
        "High blood pressure",
        "Dizzy",
        "Nausea",
        "Chills",
        "Bleeding"
      ],
      "temporaryTreatment": "sleep",
      "__v": 0
    },
    {
      "_id": "685e65b65ce95056e51fd356",
      "student": "685bb1d5a05243a849f9188a",
      "studentId": "6351021082",
      "studentName": "Huỳnh Gia Bảo",
      "doctorName": "thanh",
      "date": "2025-06-27T00:00:00.000Z",
      "symptoms": [
        "Pass out",
        "Difficulty breathing",
        "Fast heartbeat",
        "Dizzy",
        "Nausea",
        "Chills",
        "Other: headche"
      ],
      "temporaryTreatment": "sleep 1 hours",
      "__v": 0
    },
    {
      "_id": "685fa929a538ec888c5364bb",
      "student": "685bb1d5a05243a849f91889",
      "studentId": "6351021081",
      "studentName": "Phạm Tú Thành",
      "doctorName": "thanh",
      "date": "2025-06-28T00:00:00.000Z",
      "symptoms": [
        "Pass out",
        "Fast breathing"
      ],
      "temporaryTreatment": "sleep 30minutes",
      "__v": 0
    }
  ],
  "metadata": {
    "exportDate": "2025-07-01T07:54:40.133Z",
    "backupId": "backup_1751356478933_wjks92g6g"
  }
}