{
  "collection": "backups",
  "count": 1,
  "documents": [
    {
      "_id": "6863943e3851e124c3b90585",
      "backupId": "backup_1751356478933_wjks92g6g",
      "backupName": "kh",
      "backupType": "manual",
      "status": "in_progress",
      "backupSize": 0,
      "createdBy": "admin@gmail.com",
      "compressionRatio": 0,
      "startTime": "2025-07-01T07:54:38.933Z",
      "autoDeleteAt": "2025-07-31T07:54:38.933Z",
      "isVerified": false,
      "retentionDays": 30,
      "collections": [],
      "createdAt": "2025-07-01T07:54:38.949Z",
      "updatedAt": "2025-07-01T07:54:39.013Z",
      "__v": 0
    }
  ],
  "metadata": {
    "exportDate": "2025-07-01T07:54:40.092Z",
    "backupId": "backup_1751356478933_wjks92g6g"
  }
}