{
  "backupId": "backup_1751356478933_wjks92g6g",
  "backupDate": "2025-07-01T07:54:40.500Z",
  "databaseName": "prescripto",
  "totalCollections": 14,
  "totalDocuments": 734,
  "totalSize": 561933,
  "collections": [
    {
      "name": "prescriptions",
      "size": 10053,
      "documentCount": 14
    },
    {
      "name": "news",
      "size": 9860,
      "documentCount": 3
    },
    {
      "name": "conversations",
      "size": 17197,
      "documentCount": 26
    },
    {
      "name": "users",
      "size": 140505,
      "documentCount": 130
    },
    {
      "name": "chatbots",
      "size": 134779,
      "documentCount": 6
    },
    {
      "name": "appoinments",
      "size": 182,
      "documentCount": 0
    },
    {
      "name": "doctors",
      "size": 5869,
      "documentCount": 5
    },
    {
      "name": "examsessions",
      "size": 973,
      "documentCount": 2
    },
    {
      "name": "drugstocks",
      "size": 8596,
      "documentCount": 21
    },
    {
      "name": "editrequests",
      "size": 1188,
      "documentCount": 2
    },
    {
      "name": "physicalfitnesses",
      "size": 150957,
      "documentCount": 260
    },
    {
      "name": "backups",
      "size": 748,
      "documentCount": 1
    },
    {
      "name": "abnormalities",
      "size": 4346,
      "documentCount": 9
    },
    {
      "name": "messages",
      "size": 76680,
      "documentCount": 255
    }
  ],
  "version": "1.0.0",
  "method": "mongoose-json"
}