{
  "collection": "editrequests",
  "count": 2,
  "documents": [
    {
      "_id": "6860e54843116d6385c12132",
      "examSessionId": "685100ae6abf936d7e13d427",
      "requestedBy": "685b63a98c9e69956232c329",
      "reason": "kh",
      "specificStudents": [],
      "status": "approved",
      "isAutoLocked": false,
      "createdAt": "2025-06-29T07:03:36.375Z",
      "updatedAt": "2025-06-29T07:03:36.389Z",
      "__v": 0,
      "adminResponse": "ok",
      "tempUnlockUntil": "2025-06-29T08:08:09.168Z"
    },
    {
      "_id": "68614aeffa9ef2dfbdf78647",
      "examSessionId": "6850ff12344dff242761a7b4",
      "requestedBy": "685b63a98c9e69956232c329",
      "reason": "yêu cầu chỉnh sửa thông tin vì dữ liệu 1 số sinh viên bị sai",
      "specificStudents": [],
      "status": "rejected",
      "isAutoLocked": false,
      "createdAt": "2025-06-29T14:17:19.142Z",
      "updatedAt": "2025-06-29T14:17:19.155Z",
      "__v": 0,
      "adminResponse": "",
      "reviewedAt": "2025-06-30T07:15:50.406Z",
      "reviewedBy": null
    }
  ],
  "metadata": {
    "exportDate": "2025-07-01T07:54:39.867Z",
    "backupId": "backup_1751356478933_wjks92g6g"
  }
}