{
  "collection": "examsessions",
  "count": 2,
  "documents": [
    {
      "_id": "68623994d7ded9275fd15a85",
      "examSessionName": "khám sức khỏe đầu năm  2024-2025",
      "examSessionDate": "2024-06-11T00:00:00.000Z",
      "examSessionAcademicYear": "2024-2025",
      "examSessionDescription": "",
      "isLocked": false,
      "examSessionCreatedAt": "2025-06-30T07:15:32.963Z",
      "__v": 0,
      "lockReason": null,
      "lockedAt": null,
      "lockedBy": null
    },
    {
      "_id": "68624929ad3470cfa69c4846",
      "examSessionName": "khám sức khỏe đầu năm  2025-2026",
      "examSessionDate": "2025-07-08T00:00:00.000Z",
      "examSessionAcademicYear": "2025-2026",
      "examSessionDescription": "",
      "isLocked": false,
      "examSessionCreatedAt": "2025-06-30T08:22:01.693Z",
      "__v": 0
    }
  ],
  "metadata": {
    "exportDate": "2025-07-01T07:54:39.770Z",
    "backupId": "backup_1751356478933_wjks92g6g"
  }
}