{
  "collection": "messages",
  "count": 255,
  "documents": [
    {
      "_id": "682eca3a088898446f4411a0",
      "senderId": "682ec2de7859df2d4fa8ca17",
      "receiverId": "68257ae5684915fc10dc92bd",
      "message": "Xin chao ban minh la AI day",
      "createdAt": "2025-05-22T06:54:50.089Z",
      "updatedAt": "2025-05-22T06:54:50.089Z",
      "__v": 0
    },
    {
      "_id": "682ecc98cab2220f88ae5f44",
      "senderId": "682ec2de7859df2d4fa8ca17",
      "receiverId": "68257ae5684915fc10dc92bd",
      "message": "Ban can ho tro gi khong",
      "createdAt": "2025-05-22T07:04:56.095Z",
      "updatedAt": "2025-05-22T07:04:56.095Z",
      "__v": 0
    },
    {
      "_id": "683017132f5c2f482d5e0163",
      "senderId": "682aba8527e6f2f7dd800194",
      "receiverId": "682aba8527e6f2f7dd800197",
      "message": "hello",
      "createdAt": "2025-05-23T06:34:59.085Z",
      "updatedAt": "2025-05-23T06:34:59.085Z",
      "__v": 0
    },
    {
      "_id": "683017262f5c2f482d5e0169",
      "senderId": "682aba8527e6f2f7dd800194",
      "receiverId": "682aba8527e6f2f7dd800197",
      "message": "toi la nhan vien y te",
      "createdAt": "2025-05-23T06:35:18.606Z",
      "updatedAt": "2025-05-23T06:35:18.606Z",
      "__v": 0
    },
    {
      "_id": "68301fa72f5c2f482d5e01be",
      "senderId": "682aba8527e6f2f7dd800194",
      "receiverId": "682aba8527e6f2f7dd800197",
      "message": "xin chaof",
      "createdAt": "2025-05-23T07:11:35.788Z",
      "updatedAt": "2025-05-23T07:11:35.788Z",
      "__v": 0
    },
    {
      "_id": "683022a22f5c2f482d5e01e8",
      "senderId": "682aba8527e6f2f7dd800194",
      "receiverId": "682aba8527e6f2f7dd800195",
      "message": "biet tao la ai khong ",
      "createdAt": "2025-05-23T07:24:18.940Z",
      "updatedAt": "2025-05-23T07:24:18.940Z",
      "__v": 0
    },
    {
      "_id": "6830240a2f5c2f482d5e0204",
      "senderId": "682aba8527e6f2f7dd800195",
      "receiverId": "682aba8527e6f2f7dd800194",
      "message": "xin chao ",
      "createdAt": "2025-05-23T07:30:18.189Z",
      "updatedAt": "2025-05-23T07:30:18.189Z",
      "__v": 0
    },
    {
      "_id": "683025fd2f5c2f482d5e021d",
      "senderId": "682aba8527e6f2f7dd800195",
      "receiverId": "682aba8527e6f2f7dd800194",
      "message": "hello",
      "createdAt": "2025-05-23T07:38:37.182Z",
      "updatedAt": "2025-05-23T07:38:37.182Z",
      "__v": 0
    },
    {
      "_id": "68314a967b5f084d6e2025f5",
      "senderId": "682aba8527e6f2f7dd800194",
      "receiverId": "682aba8527e6f2f7dd800195",
      "message": "hello",
      "createdAt": "2025-05-24T04:27:02.543Z",
      "updatedAt": "2025-05-24T04:27:02.543Z",
      "__v": 0
    },
    {
      "_id": "6831501e7b5f084d6e20265b",
      "senderId": "682aba8527e6f2f7dd800194",
      "receiverId": "682aba8527e6f2f7dd800196",
      "message": "xin chaof",
      "createdAt": "2025-05-24T04:50:38.464Z",
      "updatedAt": "2025-05-24T04:50:38.464Z",
      "__v": 0
    },
    {
      "_id": "683151f17b5f084d6e20268b",
      "senderId": "682aba8527e6f2f7dd800194",
      "receiverId": "682aba8527e6f2f7dd800195",
      "message": "dasd",
      "createdAt": "2025-05-24T04:58:25.404Z",
      "updatedAt": "2025-05-24T04:58:25.404Z",
      "__v": 0
    },
    {
      "_id": "68315615f112a333fac8f94d",
      "senderId": "682aba8527e6f2f7dd800195",
      "receiverId": "682aba8527e6f2f7dd800194",
      "message": "đang làm gì đó",
      "createdAt": "2025-05-24T05:16:05.978Z",
      "updatedAt": "2025-05-24T05:16:05.978Z",
      "__v": 0
    },
    {
      "_id": "68315d7e04479719c1a69939",
      "senderId": "682aba8527e6f2f7dd800195",
      "receiverId": "682aba8527e6f2f7dd800194",
      "message": "xin chào",
      "createdAt": "2025-05-24T05:47:42.506Z",
      "updatedAt": "2025-05-24T05:47:42.506Z",
      "__v": 0
    },
    {
      "_id": "683161a389cbe7ca589e50f5",
      "senderId": "6831618b89cbe7ca589e50dc",
      "receiverId": "6831615889cbe7ca589e50d3",
      "message": "xin chao",
      "createdAt": "2025-05-24T06:05:23.137Z",
      "updatedAt": "2025-05-24T06:05:23.137Z",
      "__v": 0
    },
    {
      "_id": "68316a7489cbe7ca589e51b8",
      "senderId": "6831618b89cbe7ca589e50dc",
      "receiverId": "6831615889cbe7ca589e50d3",
      "message": "a",
      "createdAt": "2025-05-24T06:43:00.918Z",
      "updatedAt": "2025-05-24T06:43:00.918Z",
      "__v": 0
    },
    {
      "_id": "68316a7689cbe7ca589e51bd",
      "senderId": "6831618b89cbe7ca589e50dc",
      "receiverId": "6831615889cbe7ca589e50d3",
      "message": "v",
      "createdAt": "2025-05-24T06:43:02.746Z",
      "updatedAt": "2025-05-24T06:43:02.746Z",
      "__v": 0
    },
    {
      "_id": "68316a7789cbe7ca589e51c2",
      "senderId": "6831618b89cbe7ca589e50dc",
      "receiverId": "6831615889cbe7ca589e50d3",
      "message": "a",
      "createdAt": "2025-05-24T06:43:03.511Z",
      "updatedAt": "2025-05-24T06:43:03.511Z",
      "__v": 0
    },
    {
      "_id": "68316a7889cbe7ca589e51c7",
      "senderId": "6831618b89cbe7ca589e50dc",
      "receiverId": "6831615889cbe7ca589e50d3",
      "message": "s",
      "createdAt": "2025-05-24T06:43:04.278Z",
      "updatedAt": "2025-05-24T06:43:04.278Z",
      "__v": 0
    },
    {
      "_id": "68316a7889cbe7ca589e51cc",
      "senderId": "6831618b89cbe7ca589e50dc",
      "receiverId": "6831615889cbe7ca589e50d3",
      "message": "d",
      "createdAt": "2025-05-24T06:43:04.946Z",
      "updatedAt": "2025-05-24T06:43:04.946Z",
      "__v": 0
    },
    {
      "_id": "68316a7989cbe7ca589e51d1",
      "senderId": "6831618b89cbe7ca589e50dc",
      "receiverId": "6831615889cbe7ca589e50d3",
      "message": "f",
      "createdAt": "2025-05-24T06:43:05.583Z",
      "updatedAt": "2025-05-24T06:43:05.583Z",
      "__v": 0
    },
    {
      "_id": "68316a7a89cbe7ca589e51d6",
      "senderId": "6831618b89cbe7ca589e50dc",
      "receiverId": "6831615889cbe7ca589e50d3",
      "message": "a",
      "createdAt": "2025-05-24T06:43:06.273Z",
      "updatedAt": "2025-05-24T06:43:06.273Z",
      "__v": 0
    },
    {
      "_id": "68316a7d89cbe7ca589e51db",
      "senderId": "6831618b89cbe7ca589e50dc",
      "receiverId": "6831615889cbe7ca589e50d3",
      "message": "a",
      "createdAt": "2025-05-24T06:43:09.800Z",
      "updatedAt": "2025-05-24T06:43:09.800Z",
      "__v": 0
    },
    {
      "_id": "68316be2247e673bc7d14ff8",
      "senderId": "6831615889cbe7ca589e50d3",
      "receiverId": "6831618b89cbe7ca589e50dc",
      "message": "alo",
      "createdAt": "2025-05-24T06:49:06.986Z",
      "updatedAt": "2025-05-24T06:49:06.986Z",
      "__v": 0
    },
    {
      "_id": "68316bf5247e673bc7d14ffd",
      "senderId": "6831615889cbe7ca589e50d3",
      "receiverId": "6831618b89cbe7ca589e50dc",
      "message": "alo",
      "createdAt": "2025-05-24T06:49:25.604Z",
      "updatedAt": "2025-05-24T06:49:25.604Z",
      "__v": 0
    },
    {
      "_id": "68316c563bf308b649cbfad4",
      "senderId": "6831615889cbe7ca589e50d3",
      "receiverId": "6831618b89cbe7ca589e50dc",
      "message": "alo",
      "createdAt": "2025-05-24T06:51:03.006Z",
      "updatedAt": "2025-05-24T06:51:03.006Z",
      "__v": 0
    },
    {
      "_id": "68316cbf48bce89b7c088569",
      "senderId": "6831618b89cbe7ca589e50dc",
      "receiverId": "6831615889cbe7ca589e50d3",
      "message": "alo",
      "createdAt": "2025-05-24T06:52:47.164Z",
      "updatedAt": "2025-05-24T06:52:47.164Z",
      "__v": 0
    },
    {
      "_id": "68316d31275697d52ba602c9",
      "senderId": "6831615889cbe7ca589e50d3",
      "receiverId": "6831618b89cbe7ca589e50dc",
      "message": "alo",
      "createdAt": "2025-05-24T06:54:41.138Z",
      "updatedAt": "2025-05-24T06:54:41.138Z",
      "__v": 0
    },
    {
      "_id": "683185b75924769fe2b61cdb",
      "senderId": "6831618b89cbe7ca589e50dc",
      "receiverId": "67d7a95249d5c13f735a4222",
      "message": "hello",
      "createdAt": "2025-05-24T08:39:19.331Z",
      "updatedAt": "2025-05-24T08:39:19.331Z",
      "__v": 0
    },
    {
      "_id": "6831951f1ec2e67c38405a0e",
      "senderId": "6831618b89cbe7ca589e50dc",
      "receiverId": "6831615889cbe7ca589e50d3",
      "message": "sao đó",
      "createdAt": "2025-05-24T09:45:03.374Z",
      "updatedAt": "2025-05-24T09:45:03.374Z",
      "__v": 0
    },
    {
      "_id": "683195281ec2e67c38405a13",
      "senderId": "6831615889cbe7ca589e50d3",
      "receiverId": "6831618b89cbe7ca589e50dc",
      "message": "rảnh không",
      "createdAt": "2025-05-24T09:45:12.308Z",
      "updatedAt": "2025-05-24T09:45:12.308Z",
      "__v": 0
    },
    {
      "_id": "6831be86ea54e265dab7c44a",
      "senderId": "6831618b89cbe7ca589e50dc",
      "receiverId": "6831983e1ec2e67c38405a83",
      "message": "a",
      "createdAt": "2025-05-24T12:41:42.069Z",
      "updatedAt": "2025-05-24T12:41:42.069Z",
      "__v": 0
    },
    {
      "_id": "6831cc0260d72cc5eaeec136",
      "senderId": "6831618b89cbe7ca589e50dc",
      "receiverId": "6831615889cbe7ca589e50d3",
      "message": "khong",
      "createdAt": "2025-05-24T13:39:14.363Z",
      "updatedAt": "2025-05-24T13:39:14.363Z",
      "__v": 0
    },
    {
      "_id": "6833fed82963e5679ae47623",
      "senderId": "6831618b89cbe7ca589e50dc",
      "receiverId": "6831615889cbe7ca589e50d3",
      "message": ".",
      "createdAt": "2025-05-26T05:40:40.752Z",
      "updatedAt": "2025-05-26T05:40:40.752Z",
      "__v": 0
    },
    {
      "_id": "6833fedf2963e5679ae4762b",
      "senderId": "6831618b89cbe7ca589e50dc",
      "receiverId": "6831615889cbe7ca589e50d3",
      "message": ".",
      "createdAt": "2025-05-26T05:40:47.558Z",
      "updatedAt": "2025-05-26T05:40:47.558Z",
      "__v": 0
    },
    {
      "_id": "683ac71590bf0dbd72a4b531",
      "senderId": "67d7a95249d5c13f735a4222",
      "receiverId": "6831615889cbe7ca589e50d3",
      "message": "hello",
      "createdAt": "2025-05-31T09:08:37.176Z",
      "updatedAt": "2025-05-31T09:08:37.176Z",
      "__v": 0
    },
    {
      "_id": "683ac86790bf0dbd72a4b56b",
      "senderId": "67d7a95249d5c13f735a4222",
      "receiverId": "6831618b89cbe7ca589e50dc",
      "message": "bạn rảnh không",
      "createdAt": "2025-05-31T09:14:15.950Z",
      "updatedAt": "2025-05-31T09:14:15.950Z",
      "__v": 0
    },
    {
      "_id": "683acab990bf0dbd72a4b58f",
      "senderId": "67d7a95249d5c13f735a4222",
      "receiverId": "6831618b89cbe7ca589e50dc",
      "message": "khong",
      "createdAt": "2025-05-31T09:24:09.262Z",
      "updatedAt": "2025-05-31T09:24:09.262Z",
      "__v": 0
    },
    {
      "_id": "683d54cac6e992ea3dcb502c",
      "senderId": "67d7a95249d5c13f735a4222",
      "receiverId": "6831618b89cbe7ca589e50dc",
      "message": "hello",
      "createdAt": "2025-06-02T07:37:46.382Z",
      "updatedAt": "2025-06-02T07:37:46.382Z",
      "__v": 0
    },
    {
      "_id": "683d5550c6e992ea3dcb503c",
      "senderId": "6831618b89cbe7ca589e50dc",
      "receiverId": "67d7a95249d5c13f735a4222",
      "message": "ko",
      "createdAt": "2025-06-02T07:40:00.314Z",
      "updatedAt": "2025-06-02T07:40:00.314Z",
      "__v": 0
    },
    {
      "_id": "683d5666c6e992ea3dcb504f",
      "senderId": "67d7a95249d5c13f735a4222",
      "receiverId": "6831618b89cbe7ca589e50dc",
      "message": "ko",
      "createdAt": "2025-06-02T07:44:38.218Z",
      "updatedAt": "2025-06-02T07:44:38.218Z",
      "__v": 0
    },
    {
      "_id": "683d5675c6e992ea3dcb5058",
      "senderId": "67d7a95249d5c13f735a4222",
      "receiverId": "6831618b89cbe7ca589e50dc",
      "message": "kp",
      "createdAt": "2025-06-02T07:44:53.352Z",
      "updatedAt": "2025-06-02T07:44:53.352Z",
      "__v": 0
    },
    {
      "_id": "683d57cac6e992ea3dcb5086",
      "senderId": "67d7a95249d5c13f735a4222",
      "receiverId": "6831618b89cbe7ca589e50dc",
      "message": "chao em",
      "createdAt": "2025-06-02T07:50:34.558Z",
      "updatedAt": "2025-06-02T07:50:34.558Z",
      "__v": 0
    },
    {
      "_id": "683d57d1c6e992ea3dcb508f",
      "senderId": "67d7a95249d5c13f735a4222",
      "receiverId": "6831618b89cbe7ca589e50dc",
      "message": "em",
      "createdAt": "2025-06-02T07:50:41.436Z",
      "updatedAt": "2025-06-02T07:50:41.436Z",
      "__v": 0
    },
    {
      "_id": "683e93491900072b5dbee492",
      "senderId": "67d7a95249d5c13f735a4222",
      "receiverId": "6831618b89cbe7ca589e50dc",
      "message": "kh",
      "createdAt": "2025-06-03T06:16:41.749Z",
      "updatedAt": "2025-06-03T06:16:41.749Z",
      "__v": 0
    },
    {
      "_id": "683ea3aacb5cd1244a83e25b",
      "senderId": "6831983e1ec2e67c38405a86",
      "receiverId": "67d7a95249d5c13f735a4222",
      "message": "Hello",
      "createdAt": "2025-06-03T07:26:34.438Z",
      "updatedAt": "2025-06-03T07:26:34.438Z",
      "__v": 0
    },
    {
      "_id": "683ea479cb5cd1244a83e283",
      "senderId": "67d7a95249d5c13f735a4222",
      "receiverId": "6831618b89cbe7ca589e50dc",
      "message": "alo",
      "createdAt": "2025-06-03T07:30:01.736Z",
      "updatedAt": "2025-06-03T07:30:01.736Z",
      "__v": 0
    },
    {
      "_id": "683eab7fcb5cd1244a83e29e",
      "senderId": "67d7a95249d5c13f735a4222",
      "receiverId": "6831618b89cbe7ca589e50dc",
      "message": "alo",
      "createdAt": "2025-06-03T07:59:59.309Z",
      "updatedAt": "2025-06-03T07:59:59.309Z",
      "__v": 0
    },
    {
      "_id": "683eac8ecb5cd1244a83e2aa",
      "senderId": "6831618b89cbe7ca589e50dc",
      "receiverId": "67d7a95249d5c13f735a4222",
      "message": "Xin chao",
      "createdAt": "2025-06-03T08:04:30.101Z",
      "updatedAt": "2025-06-03T08:04:30.101Z",
      "__v": 0
    },
    {
      "_id": "683ead63cb5cd1244a83e2bc",
      "senderId": "67d7a95249d5c13f735a4222",
      "receiverId": "6831618b89cbe7ca589e50dc",
      "message": "em",
      "createdAt": "2025-06-03T08:08:03.897Z",
      "updatedAt": "2025-06-03T08:08:03.897Z",
      "__v": 0
    },
    {
      "_id": "683eaec03cf0112f3bdef0e2",
      "senderId": "67d7a95249d5c13f735a4222",
      "receiverId": "6831618b89cbe7ca589e50dc",
      "message": "kf",
      "createdAt": "2025-06-03T08:13:52.266Z",
      "updatedAt": "2025-06-03T08:13:52.266Z",
      "__v": 0
    },
    {
      "_id": "683eaecb3cf0112f3bdef0e7",
      "senderId": "6831618b89cbe7ca589e50dc",
      "receiverId": "67d7a95249d5c13f735a4222",
      "message": "c",
      "createdAt": "2025-06-03T08:14:03.854Z",
      "updatedAt": "2025-06-03T08:14:03.854Z",
      "__v": 0
    },
    {
      "_id": "683eb03d3cf0112f3bdef0f9",
      "senderId": "6831618b89cbe7ca589e50dc",
      "receiverId": "67d7a95249d5c13f735a4222",
      "message": "F",
      "createdAt": "2025-06-03T08:20:13.762Z",
      "updatedAt": "2025-06-03T08:20:13.762Z",
      "__v": 0
    },
    {
      "_id": "683eb03f3cf0112f3bdef0fe",
      "senderId": "6831618b89cbe7ca589e50dc",
      "receiverId": "67d7a95249d5c13f735a4222",
      "message": "F",
      "createdAt": "2025-06-03T08:20:15.568Z",
      "updatedAt": "2025-06-03T08:20:15.568Z",
      "__v": 0
    },
    {
      "_id": "683eb0413cf0112f3bdef103",
      "senderId": "6831618b89cbe7ca589e50dc",
      "receiverId": "67d7a95249d5c13f735a4222",
      "message": "F",
      "createdAt": "2025-06-03T08:20:17.830Z",
      "updatedAt": "2025-06-03T08:20:17.830Z",
      "__v": 0
    },
    {
      "_id": "683eb04d3cf0112f3bdef109",
      "senderId": "67d7a95249d5c13f735a4222",
      "receiverId": "6831618b89cbe7ca589e50dc",
      "message": "r",
      "createdAt": "2025-06-03T08:20:29.510Z",
      "updatedAt": "2025-06-03T08:20:29.510Z",
      "__v": 0
    },
    {
      "_id": "683eb0573cf0112f3bdef10f",
      "senderId": "67d7a95249d5c13f735a4222",
      "receiverId": "6831618b89cbe7ca589e50dc",
      "message": "c",
      "createdAt": "2025-06-03T08:20:39.969Z",
      "updatedAt": "2025-06-03T08:20:39.969Z",
      "__v": 0
    },
    {
      "_id": "683eb22b7c1e58f532c1ed48",
      "senderId": "67d7a95249d5c13f735a4222",
      "receiverId": "6831618b89cbe7ca589e50dc",
      "message": "aaaa",
      "createdAt": "2025-06-03T08:28:27.083Z",
      "updatedAt": "2025-06-03T08:28:27.083Z",
      "__v": 0
    },
    {
      "_id": "683eb314400ba77cbf987756",
      "senderId": "67d7a95249d5c13f735a4222",
      "receiverId": "6831618b89cbe7ca589e50dc",
      "message": "b",
      "createdAt": "2025-06-03T08:32:20.537Z",
      "updatedAt": "2025-06-03T08:32:20.537Z",
      "__v": 0
    },
    {
      "_id": "683eb48c400ba77cbf987771",
      "senderId": "6831618b89cbe7ca589e50dc",
      "receiverId": "67d7a95249d5c13f735a4222",
      "message": "C",
      "createdAt": "2025-06-03T08:38:36.393Z",
      "updatedAt": "2025-06-03T08:38:36.393Z",
      "__v": 0
    },
    {
      "_id": "683eb497400ba77cbf987776",
      "senderId": "6831618b89cbe7ca589e50dc",
      "receiverId": "67d7a95249d5c13f735a4222",
      "message": "C2rjwtutiwtk",
      "createdAt": "2025-06-03T08:38:47.107Z",
      "updatedAt": "2025-06-03T08:38:47.107Z",
      "__v": 0
    },
    {
      "_id": "683eb498400ba77cbf98777b",
      "senderId": "6831618b89cbe7ca589e50dc",
      "receiverId": "67d7a95249d5c13f735a4222",
      "message": "C2rjwtutiwtk",
      "createdAt": "2025-06-03T08:38:48.025Z",
      "updatedAt": "2025-06-03T08:38:48.025Z",
      "__v": 0
    },
    {
      "_id": "683eb8d6400ba77cbf9877b0",
      "senderId": "6831618b89cbe7ca589e50dc",
      "receiverId": "67d7a95249d5c13f735a4222",
      "message": "r",
      "createdAt": "2025-06-03T08:56:54.870Z",
      "updatedAt": "2025-06-03T08:56:54.870Z",
      "__v": 0
    },
    {
      "_id": "683eb8e4400ba77cbf9877ba",
      "senderId": "67d7a95249d5c13f735a4222",
      "receiverId": "6831618b89cbe7ca589e50dc",
      "message": "z",
      "createdAt": "2025-06-03T08:57:08.377Z",
      "updatedAt": "2025-06-03T08:57:08.377Z",
      "__v": 0
    },
    {
      "_id": "683eb8e8400ba77cbf9877bf",
      "senderId": "6831618b89cbe7ca589e50dc",
      "receiverId": "67d7a95249d5c13f735a4222",
      "message": "a",
      "createdAt": "2025-06-03T08:57:12.935Z",
      "updatedAt": "2025-06-03T08:57:12.935Z",
      "__v": 0
    },
    {
      "_id": "683eb8f2400ba77cbf9877c4",
      "senderId": "6831618b89cbe7ca589e50dc",
      "receiverId": "67d7a95249d5c13f735a4222",
      "message": "mfhf",
      "createdAt": "2025-06-03T08:57:22.446Z",
      "updatedAt": "2025-06-03T08:57:22.446Z",
      "__v": 0
    },
    {
      "_id": "683eb945400ba77cbf9877d9",
      "senderId": "6831618b89cbe7ca589e50dc",
      "receiverId": "67d7a95249d5c13f735a4222",
      "message": "az",
      "createdAt": "2025-06-03T08:58:45.777Z",
      "updatedAt": "2025-06-03T08:58:45.777Z",
      "__v": 0
    },
    {
      "_id": "683eba2f400ba77cbf9877eb",
      "senderId": "6831618b89cbe7ca589e50dc",
      "receiverId": "67d7a95249d5c13f735a4222",
      "message": "a",
      "createdAt": "2025-06-03T09:02:39.281Z",
      "updatedAt": "2025-06-03T09:02:39.281Z",
      "__v": 0
    },
    {
      "_id": "683eba41400ba77cbf9877f7",
      "senderId": "67d7a95249d5c13f735a4222",
      "receiverId": "6831618b89cbe7ca589e50dc",
      "message": "b",
      "createdAt": "2025-06-03T09:02:57.377Z",
      "updatedAt": "2025-06-03T09:02:57.377Z",
      "__v": 0
    },
    {
      "_id": "683eba49400ba77cbf9877fc",
      "senderId": "6831618b89cbe7ca589e50dc",
      "receiverId": "67d7a95249d5c13f735a4222",
      "message": "v",
      "createdAt": "2025-06-03T09:03:05.037Z",
      "updatedAt": "2025-06-03T09:03:05.037Z",
      "__v": 0
    },
    {
      "_id": "683eba57400ba77cbf98780a",
      "senderId": "67d7a95249d5c13f735a4222",
      "receiverId": "6831618b89cbe7ca589e50dc",
      "message": "c",
      "createdAt": "2025-06-03T09:03:19.916Z",
      "updatedAt": "2025-06-03T09:03:19.916Z",
      "__v": 0
    },
    {
      "_id": "683eba5d400ba77cbf98780f",
      "senderId": "6831618b89cbe7ca589e50dc",
      "receiverId": "67d7a95249d5c13f735a4222",
      "message": "d",
      "createdAt": "2025-06-03T09:03:25.639Z",
      "updatedAt": "2025-06-03T09:03:25.639Z",
      "__v": 0
    },
    {
      "_id": "683eba95400ba77cbf987814",
      "senderId": "6831618b89cbe7ca589e50dc",
      "receiverId": "67d7a95249d5c13f735a4222",
      "message": "d",
      "createdAt": "2025-06-03T09:04:21.725Z",
      "updatedAt": "2025-06-03T09:04:21.725Z",
      "__v": 0
    },
    {
      "_id": "683ebad0400ba77cbf987820",
      "senderId": "6831618b89cbe7ca589e50dc",
      "receiverId": "67d7a95249d5c13f735a4222",
      "message": "a",
      "createdAt": "2025-06-03T09:05:20.601Z",
      "updatedAt": "2025-06-03T09:05:20.601Z",
      "__v": 0
    },
    {
      "_id": "683ebb40400ba77cbf987831",
      "senderId": "67d7a95249d5c13f735a4222",
      "receiverId": "6831618b89cbe7ca589e50dc",
      "message": "b",
      "createdAt": "2025-06-03T09:07:12.349Z",
      "updatedAt": "2025-06-03T09:07:12.349Z",
      "__v": 0
    },
    {
      "_id": "683ebb45400ba77cbf987836",
      "senderId": "6831618b89cbe7ca589e50dc",
      "receiverId": "67d7a95249d5c13f735a4222",
      "message": "c",
      "createdAt": "2025-06-03T09:07:17.409Z",
      "updatedAt": "2025-06-03T09:07:17.409Z",
      "__v": 0
    },
    {
      "_id": "683ebb6b400ba77cbf98783c",
      "senderId": "67d7a95249d5c13f735a4222",
      "receiverId": "6831618b89cbe7ca589e50dc",
      "message": "c",
      "createdAt": "2025-06-03T09:07:55.276Z",
      "updatedAt": "2025-06-03T09:07:55.276Z",
      "__v": 0
    },
    {
      "_id": "683ebb7a400ba77cbf987841",
      "senderId": "6831618b89cbe7ca589e50dc",
      "receiverId": "67d7a95249d5c13f735a4222",
      "message": "a",
      "createdAt": "2025-06-03T09:08:10.903Z",
      "updatedAt": "2025-06-03T09:08:10.903Z",
      "__v": 0
    },
    {
      "_id": "683ebba8400ba77cbf98784c",
      "senderId": "6831618b89cbe7ca589e50dc",
      "receiverId": "67d7a95249d5c13f735a4222",
      "message": "b",
      "createdAt": "2025-06-03T09:08:56.703Z",
      "updatedAt": "2025-06-03T09:08:56.703Z",
      "__v": 0
    },
    {
      "_id": "683ebe04129ed8fdb5bdb5ff",
      "senderId": "67d7a95249d5c13f735a4222",
      "receiverId": "6831618b89cbe7ca589e50dc",
      "message": "c",
      "createdAt": "2025-06-03T09:19:00.893Z",
      "updatedAt": "2025-06-03T09:19:00.893Z",
      "__v": 0
    },
    {
      "_id": "683ebe0a129ed8fdb5bdb604",
      "senderId": "6831618b89cbe7ca589e50dc",
      "receiverId": "67d7a95249d5c13f735a4222",
      "message": "d",
      "createdAt": "2025-06-03T09:19:06.051Z",
      "updatedAt": "2025-06-03T09:19:06.051Z",
      "__v": 0
    },
    {
      "_id": "683fc80506f287bd3ca82b17",
      "senderId": "67d7a95249d5c13f735a4222",
      "receiverId": "6831618b89cbe7ca589e50dc",
      "message": "a",
      "createdAt": "2025-06-04T04:13:57.712Z",
      "updatedAt": "2025-06-04T04:13:57.712Z",
      "__v": 0
    },
    {
      "_id": "683fc81106f287bd3ca82b1c",
      "senderId": "6831618b89cbe7ca589e50dc",
      "receiverId": "67d7a95249d5c13f735a4222",
      "message": "b",
      "createdAt": "2025-06-04T04:14:09.968Z",
      "updatedAt": "2025-06-04T04:14:09.968Z",
      "__v": 0
    },
    {
      "_id": "683fc86f06f287bd3ca82b29",
      "senderId": "6831618b89cbe7ca589e50dc",
      "receiverId": "67d7a95249d5c13f735a4222",
      "message": "c",
      "createdAt": "2025-06-04T04:15:43.094Z",
      "updatedAt": "2025-06-04T04:15:43.094Z",
      "__v": 0
    },
    {
      "_id": "683fce009375c2f0ec7778a1",
      "senderId": "6831618b89cbe7ca589e50dc",
      "receiverId": "67d7a95249d5c13f735a4222",
      "message": "C",
      "createdAt": "2025-06-04T04:39:28.939Z",
      "updatedAt": "2025-06-04T04:39:28.939Z",
      "__v": 0
    },
    {
      "_id": "683fce019375c2f0ec7778a6",
      "senderId": "6831618b89cbe7ca589e50dc",
      "receiverId": "67d7a95249d5c13f735a4222",
      "message": "C",
      "createdAt": "2025-06-04T04:39:29.103Z",
      "updatedAt": "2025-06-04T04:39:29.103Z",
      "__v": 0
    },
    {
      "_id": "683fcf27d45aa76549566f58",
      "senderId": "6831618b89cbe7ca589e50dc",
      "receiverId": "67d7a95249d5c13f735a4222",
      "message": "Adfg",
      "createdAt": "2025-06-04T04:44:23.054Z",
      "updatedAt": "2025-06-04T04:44:23.054Z",
      "__v": 0
    },
    {
      "_id": "683fd793b7ee4d73f8b3f360",
      "senderId": "67d7a95249d5c13f735a4222",
      "receiverId": "6831618b89cbe7ca589e50dc",
      "message": "a",
      "createdAt": "2025-06-04T05:20:19.298Z",
      "updatedAt": "2025-06-04T05:20:19.298Z",
      "__v": 0
    },
    {
      "_id": "683fd79ab7ee4d73f8b3f369",
      "senderId": "67d7a95249d5c13f735a4222",
      "receiverId": "6831618b89cbe7ca589e50dc",
      "message": "b",
      "createdAt": "2025-06-04T05:20:26.174Z",
      "updatedAt": "2025-06-04T05:20:26.174Z",
      "__v": 0
    },
    {
      "_id": "683fd7a9b7ee4d73f8b3f36e",
      "senderId": "6831618b89cbe7ca589e50dc",
      "receiverId": "67d7a95249d5c13f735a4222",
      "message": "V",
      "createdAt": "2025-06-04T05:20:41.534Z",
      "updatedAt": "2025-06-04T05:20:41.534Z",
      "__v": 0
    },
    {
      "_id": "683fd86eb7ee4d73f8b3f37b",
      "senderId": "67d7a95249d5c13f735a4222",
      "receiverId": "6831618b89cbe7ca589e50dc",
      "message": "a",
      "createdAt": "2025-06-04T05:23:58.593Z",
      "updatedAt": "2025-06-04T05:23:58.593Z",
      "__v": 0
    },
    {
      "_id": "683fd874b7ee4d73f8b3f381",
      "senderId": "67d7a95249d5c13f735a4222",
      "receiverId": "6831618b89cbe7ca589e50dc",
      "message": "ágfhhjkl;",
      "createdAt": "2025-06-04T05:24:04.602Z",
      "updatedAt": "2025-06-04T05:24:04.602Z",
      "__v": 0
    },
    {
      "_id": "683fdb8647c575b90c7d8b65",
      "senderId": "67d7a95249d5c13f735a4222",
      "receiverId": "6831618b89cbe7ca589e50dc",
      "message": "ád",
      "createdAt": "2025-06-04T05:37:10.552Z",
      "updatedAt": "2025-06-04T05:37:10.552Z",
      "__v": 0
    },
    {
      "_id": "683fdcb1712fba95334924b6",
      "senderId": "6831618b89cbe7ca589e50dc",
      "receiverId": "67d7a95249d5c13f735a4222",
      "message": "V",
      "createdAt": "2025-06-04T05:42:09.768Z",
      "updatedAt": "2025-06-04T05:42:09.768Z",
      "__v": 0
    },
    {
      "_id": "683fdcb5712fba95334924bc",
      "senderId": "67d7a95249d5c13f735a4222",
      "receiverId": "6831618b89cbe7ca589e50dc",
      "message": "d",
      "createdAt": "2025-06-04T05:42:13.350Z",
      "updatedAt": "2025-06-04T05:42:13.350Z",
      "__v": 0
    },
    {
      "_id": "6841434b6f70ff42cdb016cd",
      "senderId": "6831618b89cbe7ca589e50dc",
      "receiverId": "67d7a95249d5c13f735a4222",
      "message": "T",
      "createdAt": "2025-06-05T07:12:11.347Z",
      "updatedAt": "2025-06-05T07:12:11.347Z",
      "__v": 0
    },
    {
      "_id": "684143706f70ff42cdb016d5",
      "senderId": "67d7a95249d5c13f735a4222",
      "receiverId": "6831618b89cbe7ca589e50dc",
      "message": "a",
      "createdAt": "2025-06-05T07:12:48.558Z",
      "updatedAt": "2025-06-05T07:12:48.558Z",
      "__v": 0
    },
    {
      "_id": "684143706f70ff42cdb016d9",
      "senderId": "67d7a95249d5c13f735a4222",
      "receiverId": "6831618b89cbe7ca589e50dc",
      "message": "a",
      "createdAt": "2025-06-05T07:12:48.632Z",
      "updatedAt": "2025-06-05T07:12:48.632Z",
      "__v": 0
    },
    {
      "_id": "6841439a6f70ff42cdb016e7",
      "senderId": "6831618b89cbe7ca589e50dc",
      "receiverId": "67d7a95249d5c13f735a4222",
      "message": "B",
      "createdAt": "2025-06-05T07:13:30.764Z",
      "updatedAt": "2025-06-05T07:13:30.764Z",
      "__v": 0
    },
    {
      "_id": "684143a16f70ff42cdb016ed",
      "senderId": "67d7a95249d5c13f735a4222",
      "receiverId": "6831618b89cbe7ca589e50dc",
      "message": "c",
      "createdAt": "2025-06-05T07:13:37.062Z",
      "updatedAt": "2025-06-05T07:13:37.062Z",
      "__v": 0
    },
    {
      "_id": "684144096f70ff42cdb016fc",
      "senderId": "67d7a95249d5c13f735a4222",
      "receiverId": "6831618b89cbe7ca589e50dc",
      "message": "c",
      "createdAt": "2025-06-05T07:15:21.518Z",
      "updatedAt": "2025-06-05T07:15:21.518Z",
      "__v": 0
    },
    {
      "_id": "684145408ed79a02ed8ccd81",
      "senderId": "67d7a95249d5c13f735a4222",
      "receiverId": "6831618b89cbe7ca589e50dc",
      "message": "b",
      "createdAt": "2025-06-05T07:20:32.883Z",
      "updatedAt": "2025-06-05T07:20:32.883Z",
      "__v": 0
    },
    {
      "_id": "6841454a8ed79a02ed8ccd86",
      "senderId": "6831618b89cbe7ca589e50dc",
      "receiverId": "67d7a95249d5c13f735a4222",
      "message": "C",
      "createdAt": "2025-06-05T07:20:42.072Z",
      "updatedAt": "2025-06-05T07:20:42.072Z",
      "__v": 0
    },
    {
      "_id": "684145dbeb95abcf850fa025",
      "senderId": "6831618b89cbe7ca589e50dc",
      "receiverId": "67d7a95249d5c13f735a4222",
      "message": "D",
      "createdAt": "2025-06-05T07:23:07.933Z",
      "updatedAt": "2025-06-05T07:23:07.933Z",
      "__v": 0
    },
    {
      "_id": "684145e2eb95abcf850fa02b",
      "senderId": "67d7a95249d5c13f735a4222",
      "receiverId": "6831618b89cbe7ca589e50dc",
      "message": "e",
      "createdAt": "2025-06-05T07:23:14.140Z",
      "updatedAt": "2025-06-05T07:23:14.140Z",
      "__v": 0
    },
    {
      "_id": "684147cddd4e4df61dc980e9",
      "senderId": "67d7a95249d5c13f735a4222",
      "receiverId": "6831618b89cbe7ca589e50dc",
      "message": "a",
      "createdAt": "2025-06-05T07:31:25.518Z",
      "updatedAt": "2025-06-05T07:31:25.518Z",
      "__v": 0
    },
    {
      "_id": "684147d7dd4e4df61dc980f1",
      "senderId": "6831618b89cbe7ca589e50dc",
      "receiverId": "67d7a95249d5c13f735a4222",
      "message": "M",
      "createdAt": "2025-06-05T07:31:35.751Z",
      "updatedAt": "2025-06-05T07:31:35.751Z",
      "__v": 0
    },
    {
      "_id": "684147dcdd4e4df61dc980f7",
      "senderId": "67d7a95249d5c13f735a4222",
      "receiverId": "6831618b89cbe7ca589e50dc",
      "message": "c",
      "createdAt": "2025-06-05T07:31:40.921Z",
      "updatedAt": "2025-06-05T07:31:40.921Z",
      "__v": 0
    },
    {
      "_id": "684148d55dfcbb98ff097384",
      "senderId": "6831618b89cbe7ca589e50dc",
      "receiverId": "67d7a95249d5c13f735a4222",
      "message": "D",
      "createdAt": "2025-06-05T07:35:49.321Z",
      "updatedAt": "2025-06-05T07:35:49.321Z",
      "__v": 0
    },
    {
      "_id": "684148de5dfcbb98ff097389",
      "senderId": "6831618b89cbe7ca589e50dc",
      "receiverId": "67d7a95249d5c13f735a4222",
      "message": "Ă",
      "createdAt": "2025-06-05T07:35:58.459Z",
      "updatedAt": "2025-06-05T07:35:58.459Z",
      "__v": 0
    },
    {
      "_id": "684148e65dfcbb98ff09738f",
      "senderId": "67d7a95249d5c13f735a4222",
      "receiverId": "6831618b89cbe7ca589e50dc",
      "message": "gfbsdkf",
      "createdAt": "2025-06-05T07:36:06.049Z",
      "updatedAt": "2025-06-05T07:36:06.049Z",
      "__v": 0
    },
    {
      "_id": "68414b751c719e5338bbdede",
      "senderId": "6831618b89cbe7ca589e50dc",
      "receiverId": "67d7a95249d5c13f735a4222",
      "message": "A",
      "createdAt": "2025-06-05T07:47:01.145Z",
      "updatedAt": "2025-06-05T07:47:01.145Z",
      "__v": 0
    },
    {
      "_id": "68414b7e1c719e5338bbdee3",
      "senderId": "6831618b89cbe7ca589e50dc",
      "receiverId": "67d7a95249d5c13f735a4222",
      "message": "B",
      "createdAt": "2025-06-05T07:47:10.490Z",
      "updatedAt": "2025-06-05T07:47:10.490Z",
      "__v": 0
    },
    {
      "_id": "68414ba61c719e5338bbdee8",
      "senderId": "6831618b89cbe7ca589e50dc",
      "receiverId": "67d7a95249d5c13f735a4222",
      "message": "V",
      "createdAt": "2025-06-05T07:47:50.666Z",
      "updatedAt": "2025-06-05T07:47:50.666Z",
      "__v": 0
    },
    {
      "_id": "68414cf01c719e5338bbdef2",
      "senderId": "6831618b89cbe7ca589e50dc",
      "receiverId": "67d7a95249d5c13f735a4222",
      "message": "A",
      "createdAt": "2025-06-05T07:53:20.371Z",
      "updatedAt": "2025-06-05T07:53:20.371Z",
      "__v": 0
    },
    {
      "_id": "68414cf71c719e5338bbdef7",
      "senderId": "6831618b89cbe7ca589e50dc",
      "receiverId": "67d7a95249d5c13f735a4222",
      "message": "B",
      "createdAt": "2025-06-05T07:53:27.440Z",
      "updatedAt": "2025-06-05T07:53:27.440Z",
      "__v": 0
    },
    {
      "_id": "68414d011c719e5338bbdefc",
      "senderId": "6831618b89cbe7ca589e50dc",
      "receiverId": "67d7a95249d5c13f735a4222",
      "message": "C",
      "createdAt": "2025-06-05T07:53:37.344Z",
      "updatedAt": "2025-06-05T07:53:37.344Z",
      "__v": 0
    },
    {
      "_id": "68414d1f1c719e5338bbdf0d",
      "senderId": "6831618b89cbe7ca589e50dc",
      "receiverId": "67d7a95249d5c13f735a4222",
      "message": "C",
      "createdAt": "2025-06-05T07:54:07.749Z",
      "updatedAt": "2025-06-05T07:54:07.749Z",
      "__v": 0
    },
    {
      "_id": "68414eb9e216e96a5341d190",
      "senderId": "6831618b89cbe7ca589e50dc",
      "receiverId": "67d7a95249d5c13f735a4222",
      "message": "Ap",
      "createdAt": "2025-06-05T08:00:57.193Z",
      "updatedAt": "2025-06-05T08:00:57.193Z",
      "__v": 0
    },
    {
      "_id": "6841509ed0ae337b02160692",
      "senderId": "67d7a95249d5c13f735a4222",
      "receiverId": "6831618b89cbe7ca589e50dc",
      "message": "a",
      "createdAt": "2025-06-05T08:09:02.896Z",
      "updatedAt": "2025-06-05T08:09:02.896Z",
      "__v": 0
    },
    {
      "_id": "684150abd0ae337b02160697",
      "senderId": "6831618b89cbe7ca589e50dc",
      "receiverId": "67d7a95249d5c13f735a4222",
      "message": "V",
      "createdAt": "2025-06-05T08:09:15.183Z",
      "updatedAt": "2025-06-05T08:09:15.183Z",
      "__v": 0
    },
    {
      "_id": "684153fdd0ae337b021606ad",
      "senderId": "67d7a95249d5c13f735a4222",
      "receiverId": "6831618b89cbe7ca589e50dc",
      "message": "c",
      "createdAt": "2025-06-05T08:23:25.318Z",
      "updatedAt": "2025-06-05T08:23:25.318Z",
      "__v": 0
    },
    {
      "_id": "68415409d0ae337b021606b2",
      "senderId": "6831618b89cbe7ca589e50dc",
      "receiverId": "67d7a95249d5c13f735a4222",
      "message": "D",
      "createdAt": "2025-06-05T08:23:37.300Z",
      "updatedAt": "2025-06-05T08:23:37.300Z",
      "__v": 0
    },
    {
      "_id": "684158cf3d387b6d36e9b8c0",
      "senderId": "6831618b89cbe7ca589e50dc",
      "receiverId": "67d7a95249d5c13f735a4222",
      "message": "alo",
      "createdAt": "2025-06-05T08:43:59.181Z",
      "updatedAt": "2025-06-05T08:43:59.181Z",
      "__v": 0
    },
    {
      "_id": "684158d83d387b6d36e9b8ca",
      "senderId": "67d7a95249d5c13f735a4222",
      "receiverId": "6831618b89cbe7ca589e50dc",
      "message": "cai j",
      "createdAt": "2025-06-05T08:44:08.012Z",
      "updatedAt": "2025-06-05T08:44:08.012Z",
      "__v": 0
    },
    {
      "_id": "684158e03d387b6d36e9b8cf",
      "senderId": "6831618b89cbe7ca589e50dc",
      "receiverId": "67d7a95249d5c13f735a4222",
      "message": "ranh khong",
      "createdAt": "2025-06-05T08:44:16.558Z",
      "updatedAt": "2025-06-05T08:44:16.558Z",
      "__v": 0
    },
    {
      "_id": "68415b1d3d387b6d36e9b8e4",
      "senderId": "67d7a95249d5c13f735a4222",
      "receiverId": "6831618b89cbe7ca589e50dc",
      "message": "kh bt",
      "createdAt": "2025-06-05T08:53:49.915Z",
      "updatedAt": "2025-06-05T08:53:49.915Z",
      "__v": 0
    },
    {
      "_id": "68415b223d387b6d36e9b8e9",
      "senderId": "6831618b89cbe7ca589e50dc",
      "receiverId": "67d7a95249d5c13f735a4222",
      "message": "hả",
      "createdAt": "2025-06-05T08:53:54.706Z",
      "updatedAt": "2025-06-05T08:53:54.706Z",
      "__v": 0
    },
    {
      "_id": "68457894193d9f3c7722f480",
      "senderId": "67d7a95249d5c13f735a4222",
      "receiverId": "6831618b89cbe7ca589e50dc",
      "message": "ranh khong",
      "createdAt": "2025-06-08T11:48:36.309Z",
      "updatedAt": "2025-06-08T11:48:36.309Z",
      "__v": 0
    },
    {
      "_id": "68457903193d9f3c7722f491",
      "senderId": "6831618b89cbe7ca589e50dc",
      "receiverId": "67d7a95249d5c13f735a4222",
      "message": "kh",
      "createdAt": "2025-06-08T11:50:27.553Z",
      "updatedAt": "2025-06-08T11:50:27.553Z",
      "__v": 0
    },
    {
      "_id": "68457909193d9f3c7722f497",
      "senderId": "67d7a95249d5c13f735a4222",
      "receiverId": "6831618b89cbe7ca589e50dc",
      "message": "kh",
      "createdAt": "2025-06-08T11:50:33.417Z",
      "updatedAt": "2025-06-08T11:50:33.417Z",
      "__v": 0
    },
    {
      "_id": "6845811145ff53416990ed7b",
      "senderId": "67d7a95249d5c13f735a4222",
      "receiverId": "6831618b89cbe7ca589e50dc",
      "message": "hello",
      "createdAt": "2025-06-08T12:24:49.077Z",
      "updatedAt": "2025-06-08T12:24:49.077Z",
      "__v": 0
    },
    {
      "_id": "6845811745ff53416990ed80",
      "senderId": "6831618b89cbe7ca589e50dc",
      "receiverId": "67d7a95249d5c13f735a4222",
      "message": "ranh kh",
      "createdAt": "2025-06-08T12:24:55.320Z",
      "updatedAt": "2025-06-08T12:24:55.320Z",
      "__v": 0
    },
    {
      "_id": "6845823245ff53416990ed95",
      "senderId": "67d7a95249d5c13f735a4222",
      "receiverId": "6831618b89cbe7ca589e50dc",
      "message": "thanh",
      "createdAt": "2025-06-08T12:29:38.711Z",
      "updatedAt": "2025-06-08T12:29:38.711Z",
      "__v": 0
    },
    {
      "_id": "6845823a45ff53416990ed9d",
      "senderId": "6831618b89cbe7ca589e50dc",
      "receiverId": "67d7a95249d5c13f735a4222",
      "message": "ne",
      "createdAt": "2025-06-08T12:29:46.093Z",
      "updatedAt": "2025-06-08T12:29:46.093Z",
      "__v": 0
    },
    {
      "_id": "6845850345ff53416990edcb",
      "senderId": "67d7a95249d5c13f735a4222",
      "receiverId": "6831618b89cbe7ca589e50dc",
      "message": "hello",
      "createdAt": "2025-06-08T12:41:39.981Z",
      "updatedAt": "2025-06-08T12:41:39.981Z",
      "__v": 0
    },
    {
      "_id": "6845850845ff53416990edd0",
      "senderId": "6831618b89cbe7ca589e50dc",
      "receiverId": "67d7a95249d5c13f735a4222",
      "message": "hello",
      "createdAt": "2025-06-08T12:41:44.474Z",
      "updatedAt": "2025-06-08T12:41:44.474Z",
      "__v": 0
    },
    {
      "_id": "684585f145ff53416990ede6",
      "senderId": "6831618b89cbe7ca589e50dc",
      "receiverId": "67d7a95249d5c13f735a4222",
      "message": "hello",
      "createdAt": "2025-06-08T12:45:37.228Z",
      "updatedAt": "2025-06-08T12:45:37.228Z",
      "__v": 0
    },
    {
      "_id": "684585f945ff53416990edf0",
      "senderId": "67d7a95249d5c13f735a4222",
      "receiverId": "6831618b89cbe7ca589e50dc",
      "message": "lo",
      "createdAt": "2025-06-08T12:45:45.162Z",
      "updatedAt": "2025-06-08T12:45:45.162Z",
      "__v": 0
    },
    {
      "_id": "684585fe45ff53416990edf5",
      "senderId": "6831618b89cbe7ca589e50dc",
      "receiverId": "67d7a95249d5c13f735a4222",
      "message": "qua",
      "createdAt": "2025-06-08T12:45:50.250Z",
      "updatedAt": "2025-06-08T12:45:50.250Z",
      "__v": 0
    },
    {
      "_id": "6845868b45ff53416990ee05",
      "senderId": "67d7a95249d5c13f735a4222",
      "receiverId": "6831618b89cbe7ca589e50dc",
      "message": "lk",
      "createdAt": "2025-06-08T12:48:11.398Z",
      "updatedAt": "2025-06-08T12:48:11.398Z",
      "__v": 0
    },
    {
      "_id": "6845868f45ff53416990ee0a",
      "senderId": "6831618b89cbe7ca589e50dc",
      "receiverId": "67d7a95249d5c13f735a4222",
      "message": "lk",
      "createdAt": "2025-06-08T12:48:15.448Z",
      "updatedAt": "2025-06-08T12:48:15.448Z",
      "__v": 0
    },
    {
      "_id": "68459c51a57183240df14a29",
      "senderId": "67d7a95249d5c13f735a4222",
      "receiverId": "6831983e1ec2e67c38405a94",
      "message": "thanh",
      "createdAt": "2025-06-08T14:21:05.455Z",
      "updatedAt": "2025-06-08T14:21:05.455Z",
      "__v": 0
    },
    {
      "_id": "6845bb92c3d789aa9364819d",
      "senderId": "67d7a95249d5c13f735a4222",
      "receiverId": "6831618b89cbe7ca589e50dc",
      "message": "hello",
      "createdAt": "2025-06-08T16:34:26.206Z",
      "updatedAt": "2025-06-08T16:34:26.206Z",
      "__v": 0
    },
    {
      "_id": "6845bb97c3d789aa936481a5",
      "senderId": "6831618b89cbe7ca589e50dc",
      "receiverId": "67d7a95249d5c13f735a4222",
      "message": "lo",
      "createdAt": "2025-06-08T16:34:31.807Z",
      "updatedAt": "2025-06-08T16:34:31.807Z",
      "__v": 0
    },
    {
      "_id": "6845bb9ec3d789aa936481ab",
      "senderId": "67d7a95249d5c13f735a4222",
      "receiverId": "6831618b89cbe7ca589e50dc",
      "message": "lj do",
      "createdAt": "2025-06-08T16:34:38.599Z",
      "updatedAt": "2025-06-08T16:34:38.599Z",
      "__v": 0
    },
    {
      "_id": "6847aece087a740186a8e1bd",
      "senderId": "67d7a95249d5c13f735a4222",
      "receiverId": "6831618b89cbe7ca589e50dc",
      "message": "alo",
      "createdAt": "2025-06-10T04:04:30.855Z",
      "updatedAt": "2025-06-10T04:04:30.855Z",
      "__v": 0
    },
    {
      "_id": "6847aef0087a740186a8e1c5",
      "senderId": "6831618b89cbe7ca589e50dc",
      "receiverId": "67d7a95249d5c13f735a4222",
      "message": "Alo",
      "createdAt": "2025-06-10T04:05:04.465Z",
      "updatedAt": "2025-06-10T04:05:04.465Z",
      "__v": 0
    },
    {
      "_id": "6847aef6087a740186a8e1ca",
      "senderId": "6831618b89cbe7ca589e50dc",
      "receiverId": "67d7a95249d5c13f735a4222",
      "message": "Alo",
      "createdAt": "2025-06-10T04:05:10.433Z",
      "updatedAt": "2025-06-10T04:05:10.433Z",
      "__v": 0
    },
    {
      "_id": "6847b042087a740186a8e1d7",
      "senderId": "67d7a95249d5c13f735a4222",
      "receiverId": "6831618b89cbe7ca589e50dc",
      "message": "as",
      "createdAt": "2025-06-10T04:10:42.975Z",
      "updatedAt": "2025-06-10T04:10:42.975Z",
      "__v": 0
    },
    {
      "_id": "6847b18e087a740186a8e1e3",
      "senderId": "67d7a95249d5c13f735a4222",
      "receiverId": "6831618b89cbe7ca589e50dc",
      "message": "sa",
      "createdAt": "2025-06-10T04:16:14.114Z",
      "updatedAt": "2025-06-10T04:16:14.114Z",
      "__v": 0
    },
    {
      "_id": "6847db5578201fa702615c29",
      "senderId": "67d7a95249d5c13f735a4222",
      "receiverId": "6831618b89cbe7ca589e50dc",
      "message": "helo",
      "createdAt": "2025-06-10T07:14:29.748Z",
      "updatedAt": "2025-06-10T07:14:29.748Z",
      "__v": 0
    },
    {
      "_id": "6847db5c78201fa702615c2e",
      "senderId": "6831618b89cbe7ca589e50dc",
      "receiverId": "67d7a95249d5c13f735a4222",
      "message": "A",
      "createdAt": "2025-06-10T07:14:36.376Z",
      "updatedAt": "2025-06-10T07:14:36.376Z",
      "__v": 0
    },
    {
      "_id": "6848023a20c2f0e994fec4e0",
      "senderId": "67d7abc249d5c13f735a422e",
      "receiverId": "6831618b89cbe7ca589e50dc",
      "message": "alo",
      "createdAt": "2025-06-10T10:00:26.258Z",
      "updatedAt": "2025-06-10T10:00:26.258Z",
      "__v": 0
    },
    {
      "_id": "6848024020c2f0e994fec4e9",
      "senderId": "67d7abc249d5c13f735a422e",
      "receiverId": "6831618b89cbe7ca589e50dc",
      "message": "a",
      "createdAt": "2025-06-10T10:00:32.478Z",
      "updatedAt": "2025-06-10T10:00:32.478Z",
      "__v": 0
    },
    {
      "_id": "6848029420c2f0e994fec4fa",
      "senderId": "6831983e1ec2e67c38405a86",
      "receiverId": "67d7a95249d5c13f735a4222",
      "message": "A",
      "createdAt": "2025-06-10T10:01:56.087Z",
      "updatedAt": "2025-06-10T10:01:56.087Z",
      "__v": 0
    },
    {
      "_id": "684802b320c2f0e994fec50d",
      "senderId": "6831983e1ec2e67c38405a86",
      "receiverId": "67d7a95249d5c13f735a4222",
      "message": "Y",
      "createdAt": "2025-06-10T10:02:27.563Z",
      "updatedAt": "2025-06-10T10:02:27.563Z",
      "__v": 0
    },
    {
      "_id": "684802c720c2f0e994fec52a",
      "senderId": "67d7abc249d5c13f735a422e",
      "receiverId": "6831983e1ec2e67c38405a86",
      "message": "fsdf",
      "createdAt": "2025-06-10T10:02:47.435Z",
      "updatedAt": "2025-06-10T10:02:47.435Z",
      "__v": 0
    },
    {
      "_id": "68480573b47d9b54eb6e3064",
      "senderId": "67d7abc249d5c13f735a422e",
      "receiverId": "6831983e1ec2e67c38405a86",
      "message": "a",
      "createdAt": "2025-06-10T10:14:11.894Z",
      "updatedAt": "2025-06-10T10:14:11.894Z",
      "__v": 0
    },
    {
      "_id": "684806088da9341e66dbff3d",
      "senderId": "67d7abc249d5c13f735a422e",
      "receiverId": "6831983e1ec2e67c38405a86",
      "message": "ad",
      "createdAt": "2025-06-10T10:16:40.933Z",
      "updatedAt": "2025-06-10T10:16:40.933Z",
      "__v": 0
    },
    {
      "_id": "6848060e8da9341e66dbff42",
      "senderId": "6831983e1ec2e67c38405a86",
      "receiverId": "67d7abc249d5c13f735a422e",
      "message": "Sh",
      "createdAt": "2025-06-10T10:16:46.857Z",
      "updatedAt": "2025-06-10T10:16:46.857Z",
      "__v": 0
    },
    {
      "_id": "684b8e92fd3c93005fb2a869",
      "senderId": "67d7a95249d5c13f735a4222",
      "receiverId": "6831618b89cbe7ca589e50dc",
      "message": "alo",
      "createdAt": "2025-06-13T02:36:02.458Z",
      "updatedAt": "2025-06-13T02:36:02.458Z",
      "__v": 0
    },
    {
      "_id": "684b92e75b796342489eccec",
      "senderId": "6831618b89cbe7ca589e50dc",
      "receiverId": "67d7abc249d5c13f735a422e",
      "message": "ty",
      "createdAt": "2025-06-13T02:54:31.622Z",
      "updatedAt": "2025-06-13T02:54:31.622Z",
      "__v": 0
    },
    {
      "_id": "684b92f55b796342489ecd06",
      "senderId": "6831618b89cbe7ca589e50dc",
      "receiverId": "67d7a95249d5c13f735a4222",
      "message": "a",
      "createdAt": "2025-06-13T02:54:45.810Z",
      "updatedAt": "2025-06-13T02:54:45.810Z",
      "__v": 0
    },
    {
      "_id": "684b92fc5b796342489ecd0c",
      "senderId": "67d7a95249d5c13f735a4222",
      "receiverId": "6831618b89cbe7ca589e50dc",
      "message": "b",
      "createdAt": "2025-06-13T02:54:52.816Z",
      "updatedAt": "2025-06-13T02:54:52.816Z",
      "__v": 0
    },
    {
      "_id": "684bd0122da41eddea1d8e60",
      "senderId": "67d7a95249d5c13f735a4222",
      "receiverId": "6831618b89cbe7ca589e50dc",
      "message": ":)))",
      "createdAt": "2025-06-13T07:15:30.165Z",
      "updatedAt": "2025-06-13T07:15:30.165Z",
      "__v": 0
    },
    {
      "_id": "684fd5d65686ece3ce21b56b",
      "senderId": "67d7abc249d5c13f735a422e",
      "receiverId": "6831983e1ec2e67c38405a82",
      "message": "a",
      "createdAt": "2025-06-16T08:29:10.937Z",
      "updatedAt": "2025-06-16T08:29:10.937Z",
      "__v": 0
    },
    {
      "_id": "684fd5e35686ece3ce21b573",
      "senderId": "6831983e1ec2e67c38405a82",
      "receiverId": "67d7abc249d5c13f735a422e",
      "message": "B\n",
      "createdAt": "2025-06-16T08:29:23.333Z",
      "updatedAt": "2025-06-16T08:29:23.333Z",
      "__v": 0
    },
    {
      "_id": "684fd5ee5686ece3ce21b578",
      "senderId": "6831983e1ec2e67c38405a82",
      "receiverId": "67d7abc249d5c13f735a422e",
      "message": "C",
      "createdAt": "2025-06-16T08:29:34.217Z",
      "updatedAt": "2025-06-16T08:29:34.217Z",
      "__v": 0
    },
    {
      "_id": "684fd7465686ece3ce21b57f",
      "senderId": "6831983e1ec2e67c38405a82",
      "receiverId": "67d7abc249d5c13f735a422e",
      "message": "C",
      "createdAt": "2025-06-16T08:35:18.143Z",
      "updatedAt": "2025-06-16T08:35:18.143Z",
      "__v": 0
    },
    {
      "_id": "684fd7a15686ece3ce21b592",
      "senderId": "6831983e1ec2e67c38405a82",
      "receiverId": "67d7abc249d5c13f735a422e",
      "message": "D",
      "createdAt": "2025-06-16T08:36:49.233Z",
      "updatedAt": "2025-06-16T08:36:49.233Z",
      "__v": 0
    },
    {
      "_id": "684fd9035686ece3ce21b5a3",
      "senderId": "6831983e1ec2e67c38405a82",
      "receiverId": "67d7abc249d5c13f735a422e",
      "message": "A",
      "createdAt": "2025-06-16T08:42:43.444Z",
      "updatedAt": "2025-06-16T08:42:43.444Z",
      "__v": 0
    },
    {
      "_id": "684fd90c5686ece3ce21b5a8",
      "senderId": "6831983e1ec2e67c38405a82",
      "receiverId": "67d7abc249d5c13f735a422e",
      "message": "F",
      "createdAt": "2025-06-16T08:42:52.657Z",
      "updatedAt": "2025-06-16T08:42:52.657Z",
      "__v": 0
    },
    {
      "_id": "684fd9485686ece3ce21b5b9",
      "senderId": "6831983e1ec2e67c38405a82",
      "receiverId": "67d7abc249d5c13f735a422e",
      "message": "Aq",
      "createdAt": "2025-06-16T08:43:52.664Z",
      "updatedAt": "2025-06-16T08:43:52.664Z",
      "__v": 0
    },
    {
      "_id": "684fdaa95686ece3ce21b5cc",
      "senderId": "6831983e1ec2e67c38405a82",
      "receiverId": "67d7abc249d5c13f735a422e",
      "message": "Àg",
      "createdAt": "2025-06-16T08:49:45.364Z",
      "updatedAt": "2025-06-16T08:49:45.364Z",
      "__v": 0
    },
    {
      "_id": "684fdb065686ece3ce21b5dc",
      "senderId": "6831983e1ec2e67c38405a82",
      "receiverId": "67d7abc249d5c13f735a422e",
      "message": "Aq",
      "createdAt": "2025-06-16T08:51:18.628Z",
      "updatedAt": "2025-06-16T08:51:18.628Z",
      "__v": 0
    },
    {
      "_id": "684fdba85686ece3ce21b5ec",
      "senderId": "6831983e1ec2e67c38405a82",
      "receiverId": "67d7abc249d5c13f735a422e",
      "message": "U",
      "createdAt": "2025-06-16T08:54:00.153Z",
      "updatedAt": "2025-06-16T08:54:00.153Z",
      "__v": 0
    },
    {
      "_id": "684fdbd35686ece3ce21b5f5",
      "senderId": "6831983e1ec2e67c38405a82",
      "receiverId": "67d7abc249d5c13f735a422e",
      "message": "R",
      "createdAt": "2025-06-16T08:54:43.776Z",
      "updatedAt": "2025-06-16T08:54:43.776Z",
      "__v": 0
    },
    {
      "_id": "684fdbf45686ece3ce21b60a",
      "senderId": "6831983e1ec2e67c38405a82",
      "receiverId": "67d7abc249d5c13f735a422e",
      "message": "E",
      "createdAt": "2025-06-16T08:55:16.054Z",
      "updatedAt": "2025-06-16T08:55:16.054Z",
      "__v": 0
    },
    {
      "_id": "684fdc1a5686ece3ce21b61a",
      "senderId": "6831983e1ec2e67c38405a82",
      "receiverId": "67d7abc249d5c13f735a422e",
      "message": "A",
      "createdAt": "2025-06-16T08:55:54.406Z",
      "updatedAt": "2025-06-16T08:55:54.406Z",
      "__v": 0
    },
    {
      "_id": "684fddcb5686ece3ce21b647",
      "senderId": "6831983e1ec2e67c38405a82",
      "receiverId": "67d7abc249d5c13f735a422e",
      "message": "Aq ",
      "createdAt": "2025-06-16T09:03:07.522Z",
      "updatedAt": "2025-06-16T09:03:07.522Z",
      "__v": 0
    },
    {
      "_id": "684fdddf5686ece3ce21b64c",
      "senderId": "6831983e1ec2e67c38405a82",
      "receiverId": "67d7abc249d5c13f735a422e",
      "message": "Qa",
      "createdAt": "2025-06-16T09:03:27.750Z",
      "updatedAt": "2025-06-16T09:03:27.750Z",
      "__v": 0
    },
    {
      "_id": "684fde685686ece3ce21b67a",
      "senderId": "684a376b277147c2a36f9fc4",
      "receiverId": "67d7abc249d5c13f735a422e",
      "message": "App",
      "createdAt": "2025-06-16T09:05:44.505Z",
      "updatedAt": "2025-06-16T09:05:44.505Z",
      "__v": 0
    },
    {
      "_id": "684fde7c5686ece3ce21b683",
      "senderId": "684a376b277147c2a36f9fc4",
      "receiverId": "67d7abc249d5c13f735a422e",
      "message": "Na",
      "createdAt": "2025-06-16T09:06:04.859Z",
      "updatedAt": "2025-06-16T09:06:04.859Z",
      "__v": 0
    },
    {
      "_id": "684fdea25686ece3ce21b688",
      "senderId": "684a376b277147c2a36f9fc4",
      "receiverId": "67d7abc249d5c13f735a422e",
      "message": "A",
      "createdAt": "2025-06-16T09:06:42.201Z",
      "updatedAt": "2025-06-16T09:06:42.201Z",
      "__v": 0
    },
    {
      "_id": "6850e7bfb33385b4c43c3e08",
      "senderId": "67d7abc249d5c13f735a422e",
      "receiverId": "684a376b277147c2a36f9fc4",
      "message": "a",
      "createdAt": "2025-06-17T03:57:51.108Z",
      "updatedAt": "2025-06-17T03:57:51.108Z",
      "__v": 0
    },
    {
      "_id": "6850e7dcb33385b4c43c3e0d",
      "senderId": "684a376b277147c2a36f9fc4",
      "receiverId": "67d7abc249d5c13f735a422e",
      "message": "À",
      "createdAt": "2025-06-17T03:58:20.352Z",
      "updatedAt": "2025-06-17T03:58:20.352Z",
      "__v": 0
    },
    {
      "_id": "6850e843b33385b4c43c3e1b",
      "senderId": "684a376b277147c2a36f9fc4",
      "receiverId": "67d7abc249d5c13f735a422e",
      "message": "A",
      "createdAt": "2025-06-17T04:00:03.361Z",
      "updatedAt": "2025-06-17T04:00:03.361Z",
      "__v": 0
    },
    {
      "_id": "6850e8ddb33385b4c43c3e2c",
      "senderId": "684a376b277147c2a36f9fc4",
      "receiverId": "67d7abc249d5c13f735a422e",
      "message": " B",
      "createdAt": "2025-06-17T04:02:37.936Z",
      "updatedAt": "2025-06-17T04:02:37.936Z",
      "__v": 0
    },
    {
      "_id": "6850e8edb33385b4c43c3e38",
      "senderId": "684a376b277147c2a36f9fc4",
      "receiverId": "67d7abc249d5c13f735a422e",
      "message": "C",
      "createdAt": "2025-06-17T04:02:53.988Z",
      "updatedAt": "2025-06-17T04:02:53.988Z",
      "__v": 0
    },
    {
      "_id": "6850e9b1b33385b4c43c3e4a",
      "senderId": "67d7abc249d5c13f735a422e",
      "receiverId": "684a376b277147c2a36f9fc4",
      "message": "a",
      "createdAt": "2025-06-17T04:06:09.746Z",
      "updatedAt": "2025-06-17T04:06:09.746Z",
      "__v": 0
    },
    {
      "_id": "6850e9b6b33385b4c43c3e4f",
      "senderId": "684a376b277147c2a36f9fc4",
      "receiverId": "67d7abc249d5c13f735a422e",
      "message": "B",
      "createdAt": "2025-06-17T04:06:14.254Z",
      "updatedAt": "2025-06-17T04:06:14.254Z",
      "__v": 0
    },
    {
      "_id": "6850ea0ab33385b4c43c3e5f",
      "senderId": "684a376b277147c2a36f9fc4",
      "receiverId": "67d7abc249d5c13f735a422e",
      "message": "V",
      "createdAt": "2025-06-17T04:07:38.034Z",
      "updatedAt": "2025-06-17T04:07:38.034Z",
      "__v": 0
    },
    {
      "_id": "6850eae4b33385b4c43c3e6d",
      "senderId": "67d7abc249d5c13f735a422e",
      "receiverId": "684a376b277147c2a36f9fc4",
      "message": "b",
      "createdAt": "2025-06-17T04:11:16.573Z",
      "updatedAt": "2025-06-17T04:11:16.573Z",
      "__v": 0
    },
    {
      "_id": "6850eaeeb33385b4c43c3e72",
      "senderId": "684a376b277147c2a36f9fc4",
      "receiverId": "67d7abc249d5c13f735a422e",
      "message": "A",
      "createdAt": "2025-06-17T04:11:26.011Z",
      "updatedAt": "2025-06-17T04:11:26.011Z",
      "__v": 0
    },
    {
      "_id": "6850eb53b33385b4c43c3e8b",
      "senderId": "684a376b277147c2a36f9fc4",
      "receiverId": "67d7abc249d5c13f735a422e",
      "message": "Q",
      "createdAt": "2025-06-17T04:13:07.025Z",
      "updatedAt": "2025-06-17T04:13:07.025Z",
      "__v": 0
    },
    {
      "_id": "6850eb7db33385b4c43c3e97",
      "senderId": "684a376b277147c2a36f9fc4",
      "receiverId": "67d7abc249d5c13f735a422e",
      "message": "B",
      "createdAt": "2025-06-17T04:13:49.710Z",
      "updatedAt": "2025-06-17T04:13:49.710Z",
      "__v": 0
    },
    {
      "_id": "6850ec9fb33385b4c43c3ea4",
      "senderId": "684a376b277147c2a36f9fc4",
      "receiverId": "67d7abc249d5c13f735a422e",
      "message": "Q",
      "createdAt": "2025-06-17T04:18:39.740Z",
      "updatedAt": "2025-06-17T04:18:39.740Z",
      "__v": 0
    },
    {
      "_id": "6850f153b33385b4c43c3ec7",
      "senderId": "684a376b277147c2a36f9fc4",
      "receiverId": "67d7abc249d5c13f735a422e",
      "message": "F",
      "createdAt": "2025-06-17T04:38:43.210Z",
      "updatedAt": "2025-06-17T04:38:43.210Z",
      "__v": 0
    },
    {
      "_id": "6850f169b33385b4c43c3ecc",
      "senderId": "684a376b277147c2a36f9fc4",
      "receiverId": "67d7abc249d5c13f735a422e",
      "message": "Vr",
      "createdAt": "2025-06-17T04:39:05.364Z",
      "updatedAt": "2025-06-17T04:39:05.364Z",
      "__v": 0
    },
    {
      "_id": "6850f1b0b33385b4c43c3ed6",
      "senderId": "684a376b277147c2a36f9fc4",
      "receiverId": "67d7abc249d5c13f735a422e",
      "message": "Uy",
      "createdAt": "2025-06-17T04:40:16.473Z",
      "updatedAt": "2025-06-17T04:40:16.473Z",
      "__v": 0
    },
    {
      "_id": "6850f1b7b33385b4c43c3edc",
      "senderId": "67d7abc249d5c13f735a422e",
      "receiverId": "684a376b277147c2a36f9fc4",
      "message": "a",
      "createdAt": "2025-06-17T04:40:23.331Z",
      "updatedAt": "2025-06-17T04:40:23.331Z",
      "__v": 0
    },
    {
      "_id": "68527e703109cc55af6803d1",
      "senderId": "67d7abc249d5c13f735a422e",
      "receiverId": "68511d13ed4c16a305ca9b30",
      "message": "hello",
      "createdAt": "2025-06-18T08:53:04.530Z",
      "updatedAt": "2025-06-18T08:53:04.530Z",
      "__v": 0
    },
    {
      "_id": "68527e793109cc55af6803d6",
      "senderId": "68511d13ed4c16a305ca9b30",
      "receiverId": "67d7abc249d5c13f735a422e",
      "message": "Xin chao",
      "createdAt": "2025-06-18T08:53:13.098Z",
      "updatedAt": "2025-06-18T08:53:13.098Z",
      "__v": 0
    },
    {
      "_id": "685520d7867aed7aacc48214",
      "senderId": "68511d13ed4c16a305ca9b30",
      "receiverId": "67d7abc249d5c13f735a422e",
      "message": "A",
      "createdAt": "2025-06-20T08:50:31.991Z",
      "updatedAt": "2025-06-20T08:50:31.991Z",
      "__v": 0
    },
    {
      "_id": "685527fe08c4a9272b06b408",
      "senderId": "68511d13ed4c16a305ca9b30",
      "receiverId": "67d7abc249d5c13f735a422e",
      "message": "AWnb",
      "createdAt": "2025-06-20T09:21:02.568Z",
      "updatedAt": "2025-06-20T09:21:02.568Z",
      "__v": 0
    },
    {
      "_id": "6855280708c4a9272b06b40e",
      "senderId": "67d7abc249d5c13f735a422e",
      "receiverId": "68511d13ed4c16a305ca9b30",
      "message": "c",
      "createdAt": "2025-06-20T09:21:11.989Z",
      "updatedAt": "2025-06-20T09:21:11.989Z",
      "__v": 0
    },
    {
      "_id": "685529d108c4a9272b06b415",
      "senderId": "67d7abc249d5c13f735a422e",
      "receiverId": "68511d13ed4c16a305ca9b30",
      "message": "a",
      "createdAt": "2025-06-20T09:28:49.779Z",
      "updatedAt": "2025-06-20T09:28:49.779Z",
      "__v": 0
    },
    {
      "_id": "685529d908c4a9272b06b41b",
      "senderId": "67d7abc249d5c13f735a422e",
      "receiverId": "68511d13ed4c16a305ca9b30",
      "message": "b",
      "createdAt": "2025-06-20T09:28:57.237Z",
      "updatedAt": "2025-06-20T09:28:57.237Z",
      "__v": 0
    },
    {
      "_id": "685529ff08c4a9272b06b421",
      "senderId": "67d7abc249d5c13f735a422e",
      "receiverId": "68511d13ed4c16a305ca9b30",
      "message": "alo",
      "createdAt": "2025-06-20T09:29:35.493Z",
      "updatedAt": "2025-06-20T09:29:35.493Z",
      "__v": 0
    },
    {
      "_id": "68552a0a08c4a9272b06b427",
      "senderId": "67d7abc249d5c13f735a422e",
      "receiverId": "68511d13ed4c16a305ca9b30",
      "message": "alo",
      "createdAt": "2025-06-20T09:29:46.324Z",
      "updatedAt": "2025-06-20T09:29:46.324Z",
      "__v": 0
    },
    {
      "_id": "68552b8d08c4a9272b06b432",
      "senderId": "67d7abc249d5c13f735a422e",
      "receiverId": "68511d13ed4c16a305ca9b30",
      "message": "b",
      "createdAt": "2025-06-20T09:36:13.088Z",
      "updatedAt": "2025-06-20T09:36:13.088Z",
      "__v": 0
    },
    {
      "_id": "6858f03a7c511a62f259e887",
      "senderId": "6858e94a62c79658c354e199",
      "receiverId": "67d7abc249d5c13f735a422e",
      "message": "a",
      "createdAt": "2025-06-23T06:12:10.461Z",
      "updatedAt": "2025-06-23T06:12:10.461Z",
      "__v": 0
    },
    {
      "_id": "6858f0427c511a62f259e88d",
      "senderId": "67d7abc249d5c13f735a422e",
      "receiverId": "6858e94a62c79658c354e199",
      "message": "b",
      "createdAt": "2025-06-23T06:12:18.541Z",
      "updatedAt": "2025-06-23T06:12:18.541Z",
      "__v": 0
    },
    {
      "_id": "6858fb195f2cf2eb841c5523",
      "senderId": "67d7abc249d5c13f735a422e",
      "receiverId": "6858f5a95f2cf2eb841c5296",
      "message": "alo",
      "createdAt": "2025-06-23T06:58:33.970Z",
      "updatedAt": "2025-06-23T06:58:33.970Z",
      "__v": 0
    },
    {
      "_id": "6858fb1f5f2cf2eb841c5528",
      "senderId": "6858f5a95f2cf2eb841c5296",
      "receiverId": "67d7abc249d5c13f735a422e",
      "message": "apo",
      "createdAt": "2025-06-23T06:58:39.019Z",
      "updatedAt": "2025-06-23T06:58:39.019Z",
      "__v": 0
    },
    {
      "_id": "685ba909fac617df645bbb8c",
      "senderId": "685ba5fa49e7700b9e97067f",
      "receiverId": "685b63a98c9e69956232c329",
      "message": "chào thầy ạ, em là sinh viên Phạm Tú Thành, khoa logistic. Dạo này em thấy sức khoẻ không được tốt lắm ạ, em muốn hỏi ý kiến thầy ạ",
      "createdAt": "2025-06-25T07:45:13.569Z",
      "updatedAt": "2025-06-25T07:45:13.569Z",
      "__v": 0
    },
    {
      "_id": "685ba93ffac617df645bbb92",
      "senderId": "685b63a98c9e69956232c329",
      "receiverId": "685ba5fa49e7700b9e97067f",
      "message": "Chào em Thành. Em cứ nói rõ tình trạng của mình đi, thầy sẽ tư vấn cho em. Em đang gặp vấn đề gì?",
      "createdAt": "2025-06-25T07:46:07.583Z",
      "updatedAt": "2025-06-25T07:46:07.583Z",
      "__v": 0
    },
    {
      "_id": "685ba9b0fac617df645bbba0",
      "senderId": "685ba5fa49e7700b9e97067f",
      "receiverId": "685b63a98c9e69956232c329",
      "message": "Dạ, dạo gần đây em hay cảm thấy mệt mỏi, khó tập trung học bài, với lại cũng hay bị đau đầu nữa ạ. Có những đêm em thức đến 2-3 giờ sáng để làm bài tập, ngủ chỉ được khoảng 4-5 tiếng thôi ạ",
      "createdAt": "2025-06-25T07:48:00.359Z",
      "updatedAt": "2025-06-25T07:48:00.359Z",
      "__v": 0
    },
    {
      "_id": "685ba9d9fac617df645bbba6",
      "senderId": "685b63a98c9e69956232c329",
      "receiverId": "685ba5fa49e7700b9e97067f",
      "message": " À, vậy là em đang bị thiếu ngủ trầm trọng rồi. Ngủ không đủ giấc là nguyên nhân chính gây ra các triệu chứng mệt mỏi, đau đầu và giảm khả năng tập trung đó em. Em có ăn uống đầy đủ các bữa không? Hay hay bỏ bữa hoặc ăn đồ ăn nhanh?",
      "createdAt": "2025-06-25T07:48:41.379Z",
      "updatedAt": "2025-06-25T07:48:41.379Z",
      "__v": 0
    },
    {
      "_id": "685ba9f5fac617df645bbbab",
      "senderId": "685ba5fa49e7700b9e97067f",
      "receiverId": "685b63a98c9e69956232c329",
      "message": "Dạ, em cũng hay bỏ bữa sáng lắm ạ, trưa thì ăn vội vàng ở căng tin, tối nhiều khi làm bài khuya quá nên cũng ngại ra ngoài ăn, toàn ăn mì tôm thôi ạ",
      "createdAt": "2025-06-25T07:49:09.496Z",
      "updatedAt": "2025-06-25T07:49:09.496Z",
      "__v": 0
    },
    {
      "_id": "685baa50fac617df645bbbb9",
      "senderId": "685b63a98c9e69956232c329",
      "receiverId": "685ba5fa49e7700b9e97067f",
      "message": "Đó là thói quen không tốt chút nào em nhé. Chế độ ăn uống không khoa học và thiếu ngủ kéo dài sẽ làm suy giảm sức đề kháng của cơ thể, dễ mắc bệnh hơn. Em có tập thể dục không?",
      "createdAt": "2025-06-25T07:50:40.292Z",
      "updatedAt": "2025-06-25T07:50:40.292Z",
      "__v": 0
    },
    {
      "_id": "685baa61fac617df645bbbbe",
      "senderId": "685ba5fa49e7700b9e97067f",
      "receiverId": "685b63a98c9e69956232c329",
      "message": "Dạ, em ít tập lắm ạ, chủ yếu là đi bộ từ ký túc xá đến giảng đường thôi.",
      "createdAt": "2025-06-25T07:50:57.691Z",
      "updatedAt": "2025-06-25T07:50:57.691Z",
      "__v": 0
    },
    {
      "_id": "685baa86fac617df645bbbc4",
      "senderId": "685b63a98c9e69956232c329",
      "receiverId": "685ba5fa49e7700b9e97067f",
      "message": "Vậy thì em nên cố gắng dành khoảng 30 phút mỗi ngày để tập thể dục nhé, đi bộ nhanh, chạy bộ nhẹ nhàng hoặc tập các bài thể dục đơn giản cũng được. Tập thể dục giúp cơ thể khỏe mạnh hơn, tinh thần sảng khoái và ngủ ngon hơn đó em",
      "createdAt": "2025-06-25T07:51:34.737Z",
      "updatedAt": "2025-06-25T07:51:34.737Z",
      "__v": 0
    },
    {
      "_id": "685baad0fac617df645bbbca",
      "senderId": "685b63a98c9e69956232c329",
      "receiverId": "685ba5fa49e7700b9e97067f",
      "message": "Đồng thời em hãy cố gắng sắp xếp lại thời gian biểu của mình một cách hợp lý. Ưu tiên ngủ đủ 7-8 tiếng mỗi đêm, cố gắng ăn uống đúng bữa, đủ chất và hạn chế thức khuya. Nếu tình trạng vẫn tiếp diễn hoặc có bất kỳ triệu chứng bất thường nào khác, em nên đến bệnh viện để được thăm khám kỹ lưỡng hơn nhé. Phòng y tế trường mình cũng luôn sẵn sàng hỗ trợ em nếu cần.",
      "createdAt": "2025-06-25T07:52:48.529Z",
      "updatedAt": "2025-06-25T07:52:48.529Z",
      "__v": 0
    },
    {
      "_id": "685baaeefac617df645bbbcf",
      "senderId": "685ba5fa49e7700b9e97067f",
      "receiverId": "685b63a98c9e69956232c329",
      "message": "Dạ vâng, em cảm ơn thầy nhiều lắm ạ. Em sẽ cố gắng thay đổi ạ",
      "createdAt": "2025-06-25T07:53:18.851Z",
      "updatedAt": "2025-06-25T07:53:18.851Z",
      "__v": 0
    },
    {
      "_id": "685bab01fac617df645bbbd5",
      "senderId": "685b63a98c9e69956232c329",
      "receiverId": "685ba5fa49e7700b9e97067f",
      "message": " Ừ, không có gì. Chúc em luôn khỏe mạnh và học tập thật tốt nhé!",
      "createdAt": "2025-06-25T07:53:37.355Z",
      "updatedAt": "2025-06-25T07:53:37.355Z",
      "__v": 0
    },
    {
      "_id": "685bab0efac617df645bbbda",
      "senderId": "685ba5fa49e7700b9e97067f",
      "receiverId": "685b63a98c9e69956232c329",
      "message": "Dạ vâng, em chào thầy ạ",
      "createdAt": "2025-06-25T07:53:50.907Z",
      "updatedAt": "2025-06-25T07:53:50.907Z",
      "__v": 0
    },
    {
      "_id": "685bb3c8a05243a849f9190d",
      "senderId": "685bb1d5a05243a849f91889",
      "receiverId": "685b644c8c9e69956232c32c",
      "message": "Chào cô ạ, em là sinh viên Phạm Tú Thành, khoa logistic. Dạo này em thấy sức khỏe mình không được tốt lắm, em muốn hỏi ý kiến cô ạ",
      "createdAt": "2025-06-25T08:31:04.960Z",
      "updatedAt": "2025-06-25T08:31:04.960Z",
      "__v": 0
    },
    {
      "_id": "685bb3e0a05243a849f91913",
      "senderId": "685b644c8c9e69956232c32c",
      "receiverId": "685bb1d5a05243a849f91889",
      "message": "Chào em Thành. Em cứ nói rõ tình trạng của mình đi, cô sẽ tư vấn cho em. Em đang gặp vấn đề gì?",
      "createdAt": "2025-06-25T08:31:28.492Z",
      "updatedAt": "2025-06-25T08:31:28.492Z",
      "__v": 0
    },
    {
      "_id": "685bb3f5a05243a849f91918",
      "senderId": "685bb1d5a05243a849f91889",
      "receiverId": "685b644c8c9e69956232c32c",
      "message": "Dạ, dạo gần đây em hay cảm thấy mệt mỏi, khó tập trung học bài, với lại cũng hay bị đau đầu nữa ạ. Có những đêm em thức đến 2-3 giờ sáng để làm bài tập, ngủ chỉ được khoảng 4-5 tiếng thôi ạ",
      "createdAt": "2025-06-25T08:31:49.480Z",
      "updatedAt": "2025-06-25T08:31:49.480Z",
      "__v": 0
    },
    {
      "_id": "685bb403a05243a849f9191e",
      "senderId": "685b644c8c9e69956232c32c",
      "receiverId": "685bb1d5a05243a849f91889",
      "message": "À, vậy là em đang bị thiếu ngủ trầm trọng rồi. Ngủ không đủ giấc là nguyên nhân chính gây ra các triệu chứng mệt mỏi, đau đầu và giảm khả năng tập trung đó em. Em có ăn uống đầy đủ các bữa không? Hay hay bỏ bữa hoặc ăn đồ ăn nhanh?",
      "createdAt": "2025-06-25T08:32:03.644Z",
      "updatedAt": "2025-06-25T08:32:03.644Z",
      "__v": 0
    },
    {
      "_id": "685bb411a05243a849f91923",
      "senderId": "685bb1d5a05243a849f91889",
      "receiverId": "685b644c8c9e69956232c32c",
      "message": "Dạ, em cũng hay bỏ bữa sáng lắm ạ, trưa thì ăn vội vàng ở căng tin, tối nhiều khi làm bài khuya quá nên cũng ngại ra ngoài ăn, toàn ăn mì tôm thôi ạ",
      "createdAt": "2025-06-25T08:32:17.870Z",
      "updatedAt": "2025-06-25T08:32:17.870Z",
      "__v": 0
    },
    {
      "_id": "685bb422a05243a849f91929",
      "senderId": "685b644c8c9e69956232c32c",
      "receiverId": "685bb1d5a05243a849f91889",
      "message": "Đó là thói quen không tốt chút nào em nhé. Chế độ ăn uống không khoa học và thiếu ngủ kéo dài sẽ làm suy giảm sức đề kháng của cơ thể, dễ mắc bệnh hơn. Em có tập thể dục không?",
      "createdAt": "2025-06-25T08:32:34.465Z",
      "updatedAt": "2025-06-25T08:32:34.465Z",
      "__v": 0
    },
    {
      "_id": "685bb437a05243a849f9192e",
      "senderId": "685bb1d5a05243a849f91889",
      "receiverId": "685b644c8c9e69956232c32c",
      "message": "Dạ, em ít tập lắm ạ, chủ yếu là đi bộ từ ký túc xá đến giảng đường thôi",
      "createdAt": "2025-06-25T08:32:55.961Z",
      "updatedAt": "2025-06-25T08:32:55.961Z",
      "__v": 0
    },
    {
      "_id": "685bb44ea05243a849f91934",
      "senderId": "685b644c8c9e69956232c32c",
      "receiverId": "685bb1d5a05243a849f91889",
      "message": "Vậy thì em nên cố gắng dành khoảng 30 phút mỗi ngày để tập thể dục nhé, đi bộ nhanh, chạy bộ nhẹ nhàng hoặc tập các bài thể dục đơn giản cũng được. Tập thể dục giúp cơ thể khỏe mạnh hơn, tinh thần sảng khoái và ngủ ngon hơn đó em.",
      "createdAt": "2025-06-25T08:33:18.844Z",
      "updatedAt": "2025-06-25T08:33:18.844Z",
      "__v": 0
    },
    {
      "_id": "685bb463a05243a849f9193a",
      "senderId": "685b644c8c9e69956232c32c",
      "receiverId": "685bb1d5a05243a849f91889",
      "message": "Đồng thời em hãy cố gắng sắp xếp lại thời gian biểu của mình một cách hợp lý. Ưu tiên ngủ đủ 7-8 tiếng mỗi đêm, cố gắng ăn uống đúng bữa, đủ chất và hạn chế thức khuya. Nếu tình trạng vẫn tiếp diễn hoặc có bất kỳ triệu chứng bất thường nào khác, em nên đến bệnh viện để được thăm khám kỹ lưỡng hơn nhé. Phòng y tế trường mình cũng luôn sẵn sàng hỗ trợ em nếu cần.",
      "createdAt": "2025-06-25T08:33:39.187Z",
      "updatedAt": "2025-06-25T08:33:39.187Z",
      "__v": 0
    },
    {
      "_id": "685bb47aa05243a849f9193f",
      "senderId": "685bb1d5a05243a849f91889",
      "receiverId": "685b644c8c9e69956232c32c",
      "message": "Dạ vâng, em cảm ơn cô nhiều lắm ạ. Em sẽ cố gắng thay đổi ạ.",
      "createdAt": "2025-06-25T08:34:02.400Z",
      "updatedAt": "2025-06-25T08:34:02.400Z",
      "__v": 0
    },
    {
      "_id": "685bb485a05243a849f91945",
      "senderId": "685b644c8c9e69956232c32c",
      "receiverId": "685bb1d5a05243a849f91889",
      "message": "Ừ, không có gì. Chúc em luôn khỏe mạnh và học tập thật tốt nhé!",
      "createdAt": "2025-06-25T08:34:13.624Z",
      "updatedAt": "2025-06-25T08:34:13.624Z",
      "__v": 0
    },
    {
      "_id": "685e9a39659621a120bc5300",
      "senderId": "685b644c8c9e69956232c32c",
      "receiverId": "685e38e80970abf59a2cadcd",
      "message": "hello",
      "createdAt": "2025-06-27T13:18:49.511Z",
      "updatedAt": "2025-06-27T13:18:49.511Z",
      "__v": 0
    },
    {
      "_id": "685e9a44659621a120bc5305",
      "senderId": "685e38e80970abf59a2cadcd",
      "receiverId": "685b644c8c9e69956232c32c",
      "message": "hel",
      "createdAt": "2025-06-27T13:19:00.628Z",
      "updatedAt": "2025-06-27T13:19:00.628Z",
      "__v": 0
    },
    {
      "_id": "685eb8cf6ac11abf985073f5",
      "senderId": "685b644c8c9e69956232c32c",
      "receiverId": "685e38e80970abf59a2cadcd",
      "message": "alo",
      "createdAt": "2025-06-27T15:29:19.277Z",
      "updatedAt": "2025-06-27T15:29:19.277Z",
      "__v": 0
    },
    {
      "_id": "685eb8da6ac11abf985073fb",
      "senderId": "685b644c8c9e69956232c32c",
      "receiverId": "685e38e80970abf59a2cadcd",
      "message": "az",
      "createdAt": "2025-06-27T15:29:30.081Z",
      "updatedAt": "2025-06-27T15:29:30.081Z",
      "__v": 0
    },
    {
      "_id": "685eb8e86ac11abf98507401",
      "senderId": "685e38e80970abf59a2cadcd",
      "receiverId": "685b644c8c9e69956232c32c",
      "message": "g",
      "createdAt": "2025-06-27T15:29:44.485Z",
      "updatedAt": "2025-06-27T15:29:44.485Z",
      "__v": 0
    },
    {
      "_id": "685eb8e86ac11abf98507405",
      "senderId": "685e38e80970abf59a2cadcd",
      "receiverId": "685b644c8c9e69956232c32c",
      "message": "g",
      "createdAt": "2025-06-27T15:29:44.565Z",
      "updatedAt": "2025-06-27T15:29:44.565Z",
      "__v": 0
    },
    {
      "_id": "685eb8f56ac11abf98507411",
      "senderId": "685e38e80970abf59a2cadcd",
      "receiverId": "685b644c8c9e69956232c32c",
      "message": "v",
      "createdAt": "2025-06-27T15:29:57.652Z",
      "updatedAt": "2025-06-27T15:29:57.652Z",
      "__v": 0
    },
    {
      "_id": "685eb94e6ac11abf98507428",
      "senderId": "685b644c8c9e69956232c32c",
      "receiverId": "685e38e80970abf59a2cadcd",
      "message": "c",
      "createdAt": "2025-06-27T15:31:26.195Z",
      "updatedAt": "2025-06-27T15:31:26.195Z",
      "__v": 0
    },
    {
      "_id": "685eb9546ac11abf9850742d",
      "senderId": "685e38e80970abf59a2cadcd",
      "receiverId": "685b644c8c9e69956232c32c",
      "message": "d",
      "createdAt": "2025-06-27T15:31:32.525Z",
      "updatedAt": "2025-06-27T15:31:32.525Z",
      "__v": 0
    },
    {
      "_id": "685f2631612c391711ad0594",
      "senderId": "685b63a98c9e69956232c329",
      "receiverId": "685bb1d5a05243a849f91889",
      "message": "xin chào em",
      "createdAt": "2025-06-27T23:16:01.959Z",
      "updatedAt": "2025-06-27T23:16:01.959Z",
      "__v": 0
    },
    {
      "_id": "685f295c612c391711ad05ed",
      "senderId": "685bb1d5a05243a849f91889",
      "receiverId": "685b63a98c9e69956232c329",
      "message": "Dạ xin chào bác sĩ hôm nay em cảm thấy không khoẻ ạ",
      "createdAt": "2025-06-27T23:29:32.730Z",
      "updatedAt": "2025-06-27T23:29:32.730Z",
      "__v": 0
    },
    {
      "_id": "685f296e612c391711ad05f3",
      "senderId": "685b63a98c9e69956232c329",
      "receiverId": "685bb1d5a05243a849f91889",
      "message": "em cảm thấy không khỏe chỗ nào",
      "createdAt": "2025-06-27T23:29:50.305Z",
      "updatedAt": "2025-06-27T23:29:50.305Z",
      "__v": 0
    },
    {
      "_id": "68637f381b6ff80c03322032",
      "senderId": "685b644c8c9e69956232c32c",
      "receiverId": "68623d7fd7ded9275fd15df8",
      "message": "xin chào em",
      "createdAt": "2025-07-01T06:24:56.519Z",
      "updatedAt": "2025-07-01T06:24:56.519Z",
      "__v": 0
    },
    {
      "_id": "68637f551b6ff80c03322038",
      "senderId": "68623d7fd7ded9275fd15df8",
      "receiverId": "685b644c8c9e69956232c32c",
      "message": "chào cô ạ",
      "createdAt": "2025-07-01T06:25:25.644Z",
      "updatedAt": "2025-07-01T06:25:25.644Z",
      "__v": 0
    },
    {
      "_id": "68637f741b6ff80c0332203e",
      "senderId": "685b644c8c9e69956232c32c",
      "receiverId": "68623d7fd7ded9275fd15df8",
      "message": "haz",
      "createdAt": "2025-07-01T06:25:56.084Z",
      "updatedAt": "2025-07-01T06:25:56.084Z",
      "__v": 0
    },
    {
      "_id": "68637fb8f5b7a5740c1e9424",
      "senderId": "68623d7fd7ded9275fd15df8",
      "receiverId": "685b644c8c9e69956232c32c",
      "message": "ja",
      "createdAt": "2025-07-01T06:27:04.320Z",
      "updatedAt": "2025-07-01T06:27:04.320Z",
      "__v": 0
    },
    {
      "_id": "68637fbbf5b7a5740c1e942a",
      "senderId": "685b644c8c9e69956232c32c",
      "receiverId": "68623d7fd7ded9275fd15df8",
      "message": "oi",
      "createdAt": "2025-07-01T06:27:07.955Z",
      "updatedAt": "2025-07-01T06:27:07.955Z",
      "__v": 0
    }
  ],
  "metadata": {
    "exportDate": "2025-07-01T07:54:40.486Z",
    "backupId": "backup_1751356478933_wjks92g6g"
  }
}