{
  "collection": "prescriptions",
  "count": 14,
  "documents": [
    {
      "_id": "68568c055a37c373b4662e9f",
      "abnormalityId": "682ac2e19ceada60a616f306",
      "studentId": "6251021081",
      "doctorName": "THANH",
      "prescriptionDate": "2025-06-21T00:00:00.000Z",
      "diagnosis": "KH",
      "medicines": [
        {
          "drugId": "682ae376b93072f63f4a6cb7",
          "dosage": "1 table",
          "frequency": "3x/day",
          "duration": "7-days",
          "instructions": "kh",
          "beforeAfterMeal": "with",
          "_id": "68568c055a37c373b4662ea0"
        }
      ],
      "notes": "kh",
      "createdAt": "2025-06-21T10:40:05.936Z",
      "updatedAt": "2025-06-21T10:40:05.936Z",
      "__v": 0
    },
    {
      "_id": "68577cdc4a0957d763d7bdbc",
      "abnormalityId": "682ac2e19ceada60a616f306",
      "studentId": "6251021081",
      "doctorName": "thanh",
      "prescriptionDate": "2025-06-22T00:00:00.000Z",
      "diagnosis": "kh",
      "medicines": [
        {
          "drugId": "68577c954a0957d763d7bdb4",
          "dosage": "ml",
          "frequency": "3x/day",
          "duration": "10-days",
          "instructions": "kh",
          "beforeAfterMeal": "after",
          "_id": "68577cdc4a0957d763d7bdbd"
        }
      ],
      "notes": "kh",
      "createdAt": "2025-06-22T03:47:40.595Z",
      "updatedAt": "2025-06-22T03:47:40.595Z",
      "__v": 0
    },
    {
      "_id": "6858d9e0de9647e7e3daf7b1",
      "abnormalityId": "682ac2e19ceada60a616f306",
      "studentId": "6251021081",
      "doctorName": "thanh",
      "prescriptionDate": "2025-06-23T00:00:00.000Z",
      "diagnosis": "kh",
      "medicines": [
        {
          "drugId": "68579aae050794c05dc69be3",
          "dosage": "table",
          "frequency": "2x/day",
          "duration": "5-days",
          "instructions": "kh",
          "beforeAfterMeal": "after",
          "_id": "6858d9e0de9647e7e3daf7b2"
        }
      ],
      "notes": "kh",
      "createdAt": "2025-06-23T04:36:48.295Z",
      "updatedAt": "2025-06-23T04:36:48.295Z",
      "__v": 0
    },
    {
      "_id": "6858dc4609e409f2516f3e81",
      "abnormalityId": "682ac2e19ceada60a616f306",
      "studentId": "6251021081",
      "doctorName": "thanh",
      "prescriptionDate": "2025-06-23T00:00:00.000Z",
      "diagnosis": "kh",
      "medicines": [
        {
          "drugId": "68579aae050794c05dc69be3",
          "dosage": "box",
          "frequency": "3x/day",
          "duration": "3-days",
          "instructions": "khong",
          "beforeAfterMeal": "with",
          "_id": "6858dc4609e409f2516f3e82"
        }
      ],
      "notes": "khong",
      "createdAt": "2025-06-23T04:47:02.421Z",
      "updatedAt": "2025-06-23T04:47:02.421Z",
      "__v": 0
    },
    {
      "_id": "6858dc8c09e409f2516f3e90",
      "abnormalityId": "682ac2e19ceada60a616f306",
      "studentId": "6251021081",
      "doctorName": "thanh",
      "prescriptionDate": "2025-06-23T00:00:00.000Z",
      "diagnosis": "kh",
      "medicines": [
        {
          "drugId": "682af26b9078b863aafe5780",
          "dosage": "table",
          "frequency": "2x/day",
          "duration": "10-days",
          "instructions": "kh",
          "beforeAfterMeal": "anytime",
          "_id": "6858dc8c09e409f2516f3e91"
        }
      ],
      "notes": "kh",
      "createdAt": "2025-06-23T04:48:12.147Z",
      "updatedAt": "2025-06-23T04:48:12.147Z",
      "__v": 0
    },
    {
      "_id": "6858dcbe09e409f2516f3e97",
      "abnormalityId": "682ac2e19ceada60a616f306",
      "studentId": "6251021081",
      "doctorName": "yht",
      "prescriptionDate": "2025-06-23T00:00:00.000Z",
      "diagnosis": "kh",
      "medicines": [
        {
          "drugId": "68579aae050794c05dc69be3",
          "dosage": "table",
          "frequency": "3x/day",
          "duration": "30-days",
          "instructions": "kh",
          "beforeAfterMeal": "after",
          "_id": "6858dcbe09e409f2516f3e98"
        }
      ],
      "notes": "kh",
      "createdAt": "2025-06-23T04:49:02.940Z",
      "updatedAt": "2025-06-23T04:49:02.940Z",
      "__v": 0
    },
    {
      "_id": "6858dd0cf767466987532e99",
      "abnormalityId": "683d4c18c6e992ea3dcb4e6d",
      "studentId": "6251021082",
      "doctorName": "thanh",
      "prescriptionDate": "2025-06-23T00:00:00.000Z",
      "diagnosis": "ne",
      "medicines": [
        {
          "drugId": "68579aae050794c05dc69be3",
          "dosage": "tablet",
          "frequency": "3x/day",
          "duration": "7-days",
          "instructions": "kh",
          "beforeAfterMeal": "after",
          "_id": "6858dd0cf767466987532e9a"
        }
      ],
      "notes": "kh",
      "createdAt": "2025-06-23T04:50:20.662Z",
      "updatedAt": "2025-06-23T04:50:20.662Z",
      "__v": 0
    },
    {
      "_id": "6858dd82f767466987532eac",
      "abnormalityId": "683d4c18c6e992ea3dcb4e6d",
      "studentId": "6251021082",
      "doctorName": "kk",
      "prescriptionDate": "2025-06-23T00:00:00.000Z",
      "diagnosis": "kk",
      "medicines": [
        {
          "drugId": "682af26b9078b863aafe5782",
          "dosage": "kk",
          "frequency": "2x/day",
          "duration": "10-days",
          "instructions": "kk",
          "beforeAfterMeal": "with",
          "_id": "6858dd82f767466987532ead"
        }
      ],
      "notes": "kk",
      "createdAt": "2025-06-23T04:52:18.308Z",
      "updatedAt": "2025-06-23T04:52:18.308Z",
      "__v": 0
    },
    {
      "_id": "6858ddacf767466987532eb2",
      "abnormalityId": "683d4c18c6e992ea3dcb4e6d",
      "studentId": "6251021082",
      "doctorName": "thanh",
      "prescriptionDate": "2025-06-23T00:00:00.000Z",
      "diagnosis": "k",
      "medicines": [
        {
          "drugId": "68579aae050794c05dc69be3",
          "dosage": "tablet",
          "frequency": "4x/day",
          "duration": "14-days",
          "instructions": "kh",
          "beforeAfterMeal": "with",
          "_id": "6858ddacf767466987532eb3"
        }
      ],
      "notes": "k",
      "createdAt": "2025-06-23T04:53:00.151Z",
      "updatedAt": "2025-06-23T04:53:00.151Z",
      "__v": 0
    },
    {
      "_id": "685bb514a05243a849f91955",
      "abnormalityId": "685bb4cda05243a849f91950",
      "studentId": "6351021081",
      "doctorName": "Thuy",
      "prescriptionDate": "2025-06-25T00:00:00.000Z",
      "diagnosis": "headache",
      "medicines": [
        {
          "drugId": "682ae376b93072f63f4a6cb7",
          "dosage": "tablet ",
          "frequency": "2x/day",
          "duration": "5-days",
          "instructions": "no",
          "beforeAfterMeal": "after",
          "_id": "685bb514a05243a849f91956"
        }
      ],
      "notes": "no",
      "createdAt": "2025-06-25T08:36:36.468Z",
      "updatedAt": "2025-06-25T08:36:36.468Z",
      "__v": 0
    },
    {
      "_id": "685e2854ff936d557e31f99c",
      "abnormalityId": "685bb4cda05243a849f91950",
      "studentId": "6351021081",
      "doctorName": "thanh",
      "prescriptionDate": "2025-06-27T00:00:00.000Z",
      "diagnosis": "ngat xiu",
      "medicines": [
        {
          "drugId": "682af26b9078b863aafe577c",
          "dosage": "5ml",
          "frequency": "3x/day",
          "duration": "",
          "instructions": "no",
          "beforeAfterMeal": "with",
          "_id": "685e2854ff936d557e31f99d"
        },
        {
          "drugId": "682ae376b93072f63f4a6cb7",
          "dosage": "1 tablet",
          "frequency": "3x/day",
          "duration": "10-days",
          "instructions": "kh",
          "beforeAfterMeal": "anytime",
          "_id": "685e2854ff936d557e31f99e"
        }
      ],
      "notes": "no",
      "createdAt": "2025-06-27T05:12:52.451Z",
      "updatedAt": "2025-06-27T05:12:52.451Z",
      "__v": 0
    },
    {
      "_id": "685e6bb95ce95056e51fd6ba",
      "abnormalityId": "685e65b65ce95056e51fd356",
      "studentId": "6351021082",
      "doctorName": "thanh",
      "prescriptionDate": "2025-06-27T00:00:00.000Z",
      "diagnosis": "heache",
      "medicines": [
        {
          "drugId": "682af26b9078b863aafe577f",
          "dosage": "5ml ",
          "frequency": "3x/day",
          "duration": "10-days",
          "instructions": "no",
          "beforeAfterMeal": "with",
          "_id": "685e6bb95ce95056e51fd6bb"
        }
      ],
      "notes": "follow-up date",
      "createdAt": "2025-06-27T10:00:25.894Z",
      "updatedAt": "2025-06-27T10:00:25.894Z",
      "__v": 0
    },
    {
      "_id": "685fa96ea538ec888c5364f6",
      "abnormalityId": "685fa929a538ec888c5364bb",
      "studentId": "6351021081",
      "doctorName": "thanh",
      "prescriptionDate": "2025-06-28T00:00:00.000Z",
      "diagnosis": "đau đầu",
      "medicines": [
        {
          "drugId": "682ae376b93072f63f4a6cb7",
          "dosage": "table",
          "frequency": "2x/day",
          "duration": "3-days",
          "instructions": "no",
          "beforeAfterMeal": "after",
          "_id": "685fa96ea538ec888c5364f7"
        }
      ],
      "notes": "no",
      "createdAt": "2025-06-28T08:35:58.934Z",
      "updatedAt": "2025-06-28T08:35:58.934Z",
      "__v": 0
    },
    {
      "_id": "68620adca25d8252a73f514b",
      "abnormalityId": "685fa929a538ec888c5364bb",
      "studentId": "6351021081",
      "doctorName": "thanh",
      "prescriptionDate": "2025-06-30T00:00:00.000Z",
      "diagnosis": "ngaats xiu",
      "medicines": [
        {
          "drugId": "682af26b9078b863aafe5785",
          "dosage": "tablet",
          "frequency": "3x/day",
          "duration": "7-days",
          "instructions": "kh",
          "beforeAfterMeal": "after",
          "_id": "68620adca25d8252a73f514c"
        }
      ],
      "notes": "kh",
      "createdAt": "2025-06-30T03:56:12.588Z",
      "updatedAt": "2025-06-30T03:56:12.588Z",
      "__v": 0
    }
  ],
  "metadata": {
    "exportDate": "2025-07-01T07:54:39.221Z",
    "backupId": "backup_1751356478933_wjks92g6g"
  }
}